"id","subject","category","difficulty","type","prompt","asset","explanation","errors","warnings"
"atomic_number_001","화학","원자 구조","초급","numeric","H","","H의 원자 번호는 1입니다.","0","0"
"atomic_number_002","화학","원자 구조","초급","numeric","He","","He의 원자 번호는 2입니다.","0","0"
"atomic_number_003","화학","원자 구조","초급","numeric","Li","","Li의 원자 번호는 3입니다.","0","0"
"atomic_number_004","화학","원자 구조","초급","numeric","Be","","Be의 원자 번호는 4입니다.","0","0"
"atomic_number_005","화학","원자 구조","초급","numeric","B","","B의 원자 번호는 5입니다.","0","0"
"atomic_number_006","화학","원자 구조","초급","numeric","C","","C의 원자 번호는 6입니다.","0","0"
"atomic_number_007","화학","원자 구조","초급","numeric","N","","N의 원자 번호는 7입니다.","0","0"
"atomic_number_008","화학","원자 구조","초급","numeric","O","","O의 원자 번호는 8입니다.","0","0"
"atomic_number_009","화학","원자 구조","초급","numeric","F","","F의 원자 번호는 9입니다.","0","0"
"atomic_number_010","화학","원자 구조","초급","numeric","Ne","","Ne의 원자 번호는 10입니다.","0","0"
"atomic_number_011","화학","원자 구조","초급","numeric","Na","","Na의 원자 번호는 11입니다.","0","0"
"atomic_number_012","화학","원자 구조","초급","numeric","Mg","","Mg의 원자 번호는 12입니다.","0","0"
"atomic_number_013","화학","원자 구조","초급","numeric","Al","","Al의 원자 번호는 13입니다.","0","0"
"atomic_number_014","화학","원자 구조","초급","numeric","Si","","Si의 원자 번호는 14입니다.","0","0"
"atomic_number_015","화학","원자 구조","초급","numeric","P","","P의 원자 번호는 15입니다.","0","0"
"atomic_number_016","화학","원자 구조","초급","numeric","S","","S의 원자 번호는 16입니다.","0","0"
"atomic_number_017","화학","원자 구조","초급","numeric","Cl","","Cl의 원자 번호는 17입니다.","0","0"
"atomic_number_018","화학","원자 구조","초급","numeric","Ar","","Ar의 원자 번호는 18입니다.","0","0"
"atomic_number_019","화학","원자 구조","초급","numeric","K","","K의 원자 번호는 19입니다.","0","0"
"atomic_number_020","화학","원자 구조","초급","numeric","Ca","","Ca의 원자 번호는 20입니다.","0","0"
"atomic_mass_001","화학","원자 구조","초급","numeric","H","","H의 원자량은 1입니다.","0","0"
"atomic_mass_002","화학","원자 구조","초급","numeric","He","","He의 원자량은 4입니다.","0","0"
"atomic_mass_003","화학","원자 구조","초급","numeric","Li","","Li의 원자량은 7입니다.","0","0"
"atomic_mass_004","화학","원자 구조","초급","numeric","Be","","Be의 원자량은 9입니다.","0","0"
"atomic_mass_005","화학","원자 구조","초급","numeric","B","","B의 원자량은 11입니다.","0","0"
"atomic_mass_006","화학","원자 구조","초급","numeric","C","","C의 원자량은 12입니다.","0","0"
"atomic_mass_007","화학","원자 구조","초급","numeric","N","","N의 원자량은 14입니다.","0","0"
"atomic_mass_008","화학","원자 구조","초급","numeric","O","","O의 원자량은 16입니다.","0","0"
"atomic_mass_009","화학","원자 구조","초급","numeric","F","","F의 원자량은 19입니다.","0","0"
"atomic_mass_010","화학","원자 구조","초급","numeric","Ne","","Ne의 원자량은 20입니다.","0","0"
"atomic_mass_011","화학","원자 구조","초급","numeric","Na","","Na의 원자량은 23입니다.","0","0"
"atomic_mass_012","화학","원자 구조","초급","numeric","Mg","","Mg의 원자량은 24입니다.","0","0"
"atomic_mass_013","화학","원자 구조","초급","numeric","Al","","Al의 원자량은 27입니다.","0","0"
"atomic_mass_014","화학","원자 구조","초급","numeric","Si","","Si의 원자량은 28입니다.","0","0"
"atomic_mass_015","화학","원자 구조","초급","numeric","P","","P의 원자량은 31입니다.","0","0"
"atomic_mass_016","화학","원자 구조","초급","numeric","S","","S의 원자량은 32입니다.","0","0"
"atomic_mass_017","화학","원자 구조","초급","numeric","Cl","","Cl의 원자량은 35.5입니다.","0","0"
"atomic_mass_018","화학","원자 구조","초급","numeric","Ar","","Ar의 원자량은 40입니다.","0","0"
"atomic_mass_019","화학","원자 구조","초급","numeric","K","","K의 원자량은 39입니다.","0","0"
"atomic_mass_020","화학","원자 구조","초급","numeric","Ca","","Ca의 원자량은 40입니다.","0","0"
"period_001","화학","원자 구조","초급","numeric","H의 주기는?","","H은 1주기 원소입니다.","0","0"
"group_001","화학","원자 구조","초급","numeric","H의 족은?","","H은 1족 원소입니다.","0","0"
"period_002","화학","원자 구조","초급","numeric","He의 주기는?","","He은 1주기 원소입니다.","0","0"
"group_002","화학","원자 구조","초급","numeric","He의 족은?","","He은 18족 원소입니다.","0","0"
"period_003","화학","원자 구조","초급","numeric","Li의 주기는?","","Li은 2주기 원소입니다.","0","0"
"group_003","화학","원자 구조","초급","numeric","Li의 족은?","","Li은 1족 원소입니다.","0","0"
"period_004","화학","원자 구조","초급","numeric","Be의 주기는?","","Be은 2주기 원소입니다.","0","0"
"group_004","화학","원자 구조","초급","numeric","Be의 족은?","","Be은 2족 원소입니다.","0","0"
"period_005","화학","원자 구조","초급","numeric","B의 주기는?","","B은 2주기 원소입니다.","0","0"
"group_005","화학","원자 구조","초급","numeric","B의 족은?","","B은 13족 원소입니다.","0","0"
"period_006","화학","원자 구조","초급","numeric","C의 주기는?","","C은 2주기 원소입니다.","0","0"
"group_006","화학","원자 구조","초급","numeric","C의 족은?","","C은 14족 원소입니다.","0","0"
"period_007","화학","원자 구조","초급","numeric","N의 주기는?","","N은 2주기 원소입니다.","0","0"
"group_007","화학","원자 구조","초급","numeric","N의 족은?","","N은 15족 원소입니다.","0","0"
"period_008","화학","원자 구조","초급","numeric","O의 주기는?","","O은 2주기 원소입니다.","0","0"
"group_008","화학","원자 구조","초급","numeric","O의 족은?","","O은 16족 원소입니다.","0","0"
"period_009","화학","원자 구조","초급","numeric","F의 주기는?","","F은 2주기 원소입니다.","0","0"
"group_009","화학","원자 구조","초급","numeric","F의 족은?","","F은 17족 원소입니다.","0","0"
"period_010","화학","원자 구조","초급","numeric","Ne의 주기는?","","Ne은 2주기 원소입니다.","0","0"
"group_010","화학","원자 구조","초급","numeric","Ne의 족은?","","Ne은 18족 원소입니다.","0","0"
"period_011","화학","원자 구조","초급","numeric","Na의 주기는?","","Na은 3주기 원소입니다.","0","0"
"group_011","화학","원자 구조","초급","numeric","Na의 족은?","","Na은 1족 원소입니다.","0","0"
"period_012","화학","원자 구조","초급","numeric","Mg의 주기는?","","Mg은 3주기 원소입니다.","0","0"
"group_012","화학","원자 구조","초급","numeric","Mg의 족은?","","Mg은 2족 원소입니다.","0","0"
"period_013","화학","원자 구조","초급","numeric","Al의 주기는?","","Al은 3주기 원소입니다.","0","0"
"group_013","화학","원자 구조","초급","numeric","Al의 족은?","","Al은 13족 원소입니다.","0","0"
"period_014","화학","원자 구조","초급","numeric","Si의 주기는?","","Si은 3주기 원소입니다.","0","0"
"group_014","화학","원자 구조","초급","numeric","Si의 족은?","","Si은 14족 원소입니다.","0","0"
"period_015","화학","원자 구조","초급","numeric","P의 주기는?","","P은 3주기 원소입니다.","0","0"
"group_015","화학","원자 구조","초급","numeric","P의 족은?","","P은 15족 원소입니다.","0","0"
"period_016","화학","원자 구조","초급","numeric","S의 주기는?","","S은 3주기 원소입니다.","0","0"
"group_016","화학","원자 구조","초급","numeric","S의 족은?","","S은 16족 원소입니다.","0","0"
"period_017","화학","원자 구조","초급","numeric","Cl의 주기는?","","Cl은 3주기 원소입니다.","0","0"
"group_017","화학","원자 구조","초급","numeric","Cl의 족은?","","Cl은 17족 원소입니다.","0","0"
"period_018","화학","원자 구조","초급","numeric","Ar의 주기는?","","Ar은 3주기 원소입니다.","0","0"
"group_018","화학","원자 구조","초급","numeric","Ar의 족은?","","Ar은 18족 원소입니다.","0","0"
"period_019","화학","원자 구조","초급","numeric","K의 주기는?","","K은 4주기 원소입니다.","0","0"
"group_019","화학","원자 구조","초급","numeric","K의 족은?","","K은 1족 원소입니다.","0","0"
"period_020","화학","원자 구조","초급","numeric","Ca의 주기는?","","Ca은 4주기 원소입니다.","0","0"
"group_020","화학","원자 구조","초급","numeric","Ca의 족은?","","Ca은 2족 원소입니다.","0","0"
"valence_electron_001","화학","원자 구조","초급","numeric","H의 원자가 전자 수는?","","H의 원자가 전자 수는 1개입니다.","0","0"
"valence_electron_002","화학","원자 구조","초급","numeric","He의 원자가 전자 수는?","","He의 원자가 전자 수는 0개입니다.","0","0"
"valence_electron_003","화학","원자 구조","초급","numeric","Li의 원자가 전자 수는?","","Li의 원자가 전자 수는 1개입니다.","0","0"
"valence_electron_004","화학","원자 구조","초급","numeric","Be의 원자가 전자 수는?","","Be의 원자가 전자 수는 2개입니다.","0","0"
"valence_electron_005","화학","원자 구조","초급","numeric","B의 원자가 전자 수는?","","B의 원자가 전자 수는 3개입니다.","0","0"
"valence_electron_006","화학","원자 구조","초급","numeric","C의 원자가 전자 수는?","","C의 원자가 전자 수는 4개입니다.","0","0"
"valence_electron_007","화학","원자 구조","초급","numeric","N의 원자가 전자 수는?","","N의 원자가 전자 수는 5개입니다.","0","0"
"valence_electron_008","화학","원자 구조","초급","numeric","O의 원자가 전자 수는?","","O의 원자가 전자 수는 6개입니다.","0","0"
"valence_electron_009","화학","원자 구조","초급","numeric","F의 원자가 전자 수는?","","F의 원자가 전자 수는 7개입니다.","0","0"
"valence_electron_010","화학","원자 구조","초급","numeric","Ne의 원자가 전자 수는?","","Ne의 원자가 전자 수는 0개입니다.","0","0"
"valence_electron_011","화학","원자 구조","초급","numeric","Na의 원자가 전자 수는?","","Na의 원자가 전자 수는 1개입니다.","0","0"
"valence_electron_012","화학","원자 구조","초급","numeric","Mg의 원자가 전자 수는?","","Mg의 원자가 전자 수는 2개입니다.","0","0"
"valence_electron_013","화학","원자 구조","초급","numeric","Al의 원자가 전자 수는?","","Al의 원자가 전자 수는 3개입니다.","0","0"
"valence_electron_014","화학","원자 구조","초급","numeric","Si의 원자가 전자 수는?","","Si의 원자가 전자 수는 4개입니다.","0","0"
"valence_electron_015","화학","원자 구조","초급","numeric","P의 원자가 전자 수는?","","P의 원자가 전자 수는 5개입니다.","0","0"
"valence_electron_016","화학","원자 구조","초급","numeric","S의 원자가 전자 수는?","","S의 원자가 전자 수는 6개입니다.","0","0"
"valence_electron_017","화학","원자 구조","초급","numeric","Cl의 원자가 전자 수는?","","Cl의 원자가 전자 수는 7개입니다.","0","0"
"valence_electron_018","화학","원자 구조","초급","numeric","Ar의 원자가 전자 수는?","","Ar의 원자가 전자 수는 0개입니다.","0","0"
"valence_electron_019","화학","원자 구조","초급","numeric","K의 원자가 전자 수는?","","K의 원자가 전자 수는 1개입니다.","0","0"
"valence_electron_020","화학","원자 구조","초급","numeric","Ca의 원자가 전자 수는?","","Ca의 원자가 전자 수는 2개입니다.","0","0"
"electron_configuration_1","화학","원자 구조","초급","short_answer","H의 껍질별 전자 수를 쉼표로 구분해 쓰면?","","H의 전자 배치는 1이다.","0","0"
"electron_configuration_2","화학","원자 구조","초급","short_answer","He의 껍질별 전자 수를 쉼표로 구분해 쓰면?","","He의 전자 배치는 2이다.","0","0"
"electron_configuration_3","화학","원자 구조","초급","short_answer","Li의 껍질별 전자 수를 쉼표로 구분해 쓰면?","","Li의 전자 배치는 2,1이다.","0","0"
"electron_configuration_4","화학","원자 구조","초급","short_answer","C의 껍질별 전자 수를 쉼표로 구분해 쓰면?","","C의 전자 배치는 2,4이다.","0","0"
"electron_configuration_5","화학","원자 구조","초급","short_answer","O의 껍질별 전자 수를 쉼표로 구분해 쓰면?","","O의 전자 배치는 2,6이다.","0","0"
"electron_configuration_6","화학","원자 구조","초급","short_answer","Ne의 껍질별 전자 수를 쉼표로 구분해 쓰면?","","Ne의 전자 배치는 2,8이다.","0","0"
"electron_configuration_7","화학","원자 구조","중급","short_answer","Na의 껍질별 전자 수를 쉼표로 구분해 쓰면?","","Na의 전자 배치는 2,8,1이다.","0","0"
"electron_configuration_8","화학","원자 구조","중급","short_answer","Mg의 껍질별 전자 수를 쉼표로 구분해 쓰면?","","Mg의 전자 배치는 2,8,2이다.","0","0"
"electron_configuration_9","화학","원자 구조","중급","short_answer","Al의 껍질별 전자 수를 쉼표로 구분해 쓰면?","","Al의 전자 배치는 2,8,3이다.","0","0"
"electron_configuration_10","화학","원자 구조","중급","short_answer","Cl의 껍질별 전자 수를 쉼표로 구분해 쓰면?","","Cl의 전자 배치는 2,8,7이다.","0","0"
"electron_configuration_11","화학","원자 구조","중급","short_answer","Ar의 껍질별 전자 수를 쉼표로 구분해 쓰면?","","Ar의 전자 배치는 2,8,8이다.","0","0"
"electron_configuration_12","화학","원자 구조","고급","short_answer","K의 껍질별 전자 수를 쉼표로 구분해 쓰면?","","K의 전자 배치는 2,8,8,1이다.","0","0"
"electron_configuration_13","화학","원자 구조","고급","short_answer","Ca의 껍질별 전자 수를 쉼표로 구분해 쓰면?","","Ca의 전자 배치는 2,8,8,2이다.","0","0"
"ion_charge_001","화학","원자 구조","초급","short_answer","H⁺의 전하는?","","H⁺의 전하는 +1이다.","0","0"
"ion_charge_002","화학","원자 구조","초급","short_answer","Li⁺의 전하는?","","Li⁺의 전하는 +1이다.","0","0"
"ion_charge_003","화학","원자 구조","초급","short_answer","Na⁺의 전하는?","","Na⁺의 전하는 +1이다.","0","0"
"ion_charge_004","화학","원자 구조","초급","short_answer","K⁺의 전하는?","","K⁺의 전하는 +1이다.","0","0"
"ion_charge_005","화학","원자 구조","초급","short_answer","Be²⁺의 전하는?","","Be²⁺의 전하는 +2이다.","0","0"
"ion_charge_006","화학","원자 구조","초급","short_answer","Mg²⁺의 전하는?","","Mg²⁺의 전하는 +2이다.","0","0"
"ion_charge_007","화학","원자 구조","초급","short_answer","Ca²⁺의 전하는?","","Ca²⁺의 전하는 +2이다.","0","0"
"ion_charge_008","화학","원자 구조","초급","short_answer","Al³⁺의 전하는?","","Al³⁺의 전하는 +3이다.","0","0"
"ion_charge_009","화학","원자 구조","중급","short_answer","F⁻의 전하는?","","F⁻의 전하는 -1이다.","0","0"
"ion_charge_010","화학","원자 구조","중급","short_answer","Cl⁻의 전하는?","","Cl⁻의 전하는 -1이다.","0","0"
"ion_charge_011","화학","원자 구조","고급","short_answer","O²⁻의 전하는?","","O²⁻의 전하는 -2이다.","0","0"
"ion_charge_012","화학","원자 구조","고급","short_answer","S²⁻의 전하는?","","S²⁻의 전하는 -2이다.","0","0"
"ion_charge_013","화학","원자 구조","고급","short_answer","N³⁻의 전하는?","","N³⁻의 전하는 -3이다.","0","0"
"electronegativity_value_001","화학","주기적 성질","초급","numeric","H의 전기 음성도 값을 소수 첫째 자리까지 입력하세요.","","H의 전기 음성도는 2.1입니다.","0","0"
"electronegativity_value_002","화학","주기적 성질","초급","numeric","Li의 전기 음성도 값을 소수 첫째 자리까지 입력하세요.","","Li의 전기 음성도는 1.0입니다.","0","0"
"electronegativity_value_003","화학","주기적 성질","초급","numeric","Be의 전기 음성도 값을 소수 첫째 자리까지 입력하세요.","","Be의 전기 음성도는 1.5입니다.","0","0"
"electronegativity_value_004","화학","주기적 성질","초급","numeric","B의 전기 음성도 값을 소수 첫째 자리까지 입력하세요.","","B의 전기 음성도는 2.0입니다.","0","0"
"electronegativity_value_005","화학","주기적 성질","초급","numeric","C의 전기 음성도 값을 소수 첫째 자리까지 입력하세요.","","C의 전기 음성도는 2.5입니다.","0","0"
"electronegativity_value_006","화학","주기적 성질","초급","numeric","N의 전기 음성도 값을 소수 첫째 자리까지 입력하세요.","","N의 전기 음성도는 3.0입니다.","0","0"
"electronegativity_value_007","화학","주기적 성질","초급","numeric","O의 전기 음성도 값을 소수 첫째 자리까지 입력하세요.","","O의 전기 음성도는 3.5입니다.","0","0"
"electronegativity_value_008","화학","주기적 성질","초급","numeric","F의 전기 음성도 값을 소수 첫째 자리까지 입력하세요.","","F의 전기 음성도는 4.0입니다.","0","0"
"electronegativity_value_009","화학","주기적 성질","초급","numeric","Na의 전기 음성도 값을 소수 첫째 자리까지 입력하세요.","","Na의 전기 음성도는 0.9입니다.","0","0"
"electronegativity_value_010","화학","주기적 성질","초급","numeric","Mg의 전기 음성도 값을 소수 첫째 자리까지 입력하세요.","","Mg의 전기 음성도는 1.2입니다.","0","0"
"electronegativity_value_011","화학","주기적 성질","초급","numeric","Al의 전기 음성도 값을 소수 첫째 자리까지 입력하세요.","","Al의 전기 음성도는 1.5입니다.","0","0"
"electronegativity_value_012","화학","주기적 성질","초급","numeric","Si의 전기 음성도 값을 소수 첫째 자리까지 입력하세요.","","Si의 전기 음성도는 1.8입니다.","0","0"
"electronegativity_value_013","화학","주기적 성질","초급","numeric","P의 전기 음성도 값을 소수 첫째 자리까지 입력하세요.","","P의 전기 음성도는 2.1입니다.","0","0"
"electronegativity_value_014","화학","주기적 성질","초급","numeric","S의 전기 음성도 값을 소수 첫째 자리까지 입력하세요.","","S의 전기 음성도는 2.5입니다.","0","0"
"electronegativity_value_015","화학","주기적 성질","초급","numeric","Cl의 전기 음성도 값을 소수 첫째 자리까지 입력하세요.","","Cl의 전기 음성도는 3.0입니다.","0","0"
"electronegativity_value_016","화학","주기적 성질","초급","numeric","K의 전기 음성도 값을 소수 첫째 자리까지 입력하세요.","","K의 전기 음성도는 0.8입니다.","0","0"
"electronegativity_value_017","화학","주기적 성질","초급","numeric","Ca의 전기 음성도 값을 소수 첫째 자리까지 입력하세요.","","Ca의 전기 음성도는 1.0입니다.","0","0"
"electronegativity_compare_1","화학","주기적 성질","중급","multiple_choice","Li와 F 중 전기 음성도가 큰 원소는?","","F의 전기 음성도가 더 큽니다.","0","0"
"electronegativity_compare_2","화학","주기적 성질","중급","multiple_choice","Na와 Cl 중 전기 음성도가 큰 원소는?","","Cl의 전기 음성도가 더 큽니다.","0","0"
"electronegativity_compare_3","화학","주기적 성질","중급","multiple_choice","Mg와 O 중 전기 음성도가 큰 원소는?","","O의 전기 음성도가 더 큽니다.","0","0"
"electronegativity_compare_4","화학","주기적 성질","중급","multiple_choice","Al와 S 중 전기 음성도가 큰 원소는?","","S의 전기 음성도가 더 큽니다.","0","0"
"electronegativity_compare_5","화학","주기적 성질","중급","multiple_choice","C와 N 중 전기 음성도가 큰 원소는?","","N의 전기 음성도가 더 큽니다.","0","0"
"electronegativity_compare_6","화학","주기적 성질","중급","multiple_choice","K와 Ca 중 전기 음성도가 큰 원소는?","","Ca의 전기 음성도가 더 큽니다.","0","0"
"electronegativity_difference_1","화학","주기적 성질","고급","numeric","H와 Cl의 전기 음성도 차를 소수 첫째 자리까지 입력하세요.","","차는 |2.1-3.0|=0.9입니다.","0","0"
"electronegativity_difference_2","화학","주기적 성질","고급","numeric","C와 O의 전기 음성도 차를 소수 첫째 자리까지 입력하세요.","","차는 |2.5-3.5|=1.0입니다.","0","0"
"electronegativity_difference_3","화학","주기적 성질","고급","numeric","Na와 Cl의 전기 음성도 차를 소수 첫째 자리까지 입력하세요.","","차는 |0.9-3.0|=2.1입니다.","0","0"
"electronegativity_difference_4","화학","주기적 성질","고급","numeric","Mg와 O의 전기 음성도 차를 소수 첫째 자리까지 입력하세요.","","차는 |1.2-3.5|=2.3입니다.","0","0"
"electronegativity_difference_5","화학","주기적 성질","고급","numeric","P와 Cl의 전기 음성도 차를 소수 첫째 자리까지 입력하세요.","","차는 |2.1-3.0|=0.9입니다.","0","0"
"electronegativity_difference_6","화학","주기적 성질","고급","numeric","S와 O의 전기 음성도 차를 소수 첫째 자리까지 입력하세요.","","차는 |2.5-3.5|=1.0입니다.","0","0"
"atomic_radius_001","화학","주기적 성질","초급","multiple_choice","Li와 F 중 원자 반지름이 큰 원소는?","","같은 주기에서는 왼쪽 원소가 더 크다.","0","0"
"atomic_radius_002","화학","주기적 성질","초급","multiple_choice","Li와 Na 중 원자 반지름이 큰 원소는?","","같은 족에서는 아래쪽 원소가 더 크다.","0","0"
"atomic_radius_003","화학","주기적 성질","중급","multiple_choice","Na와 Cl 중 원자 반지름이 큰 원소는?","","3주기에서 Na가 더 크다.","0","0"
"atomic_radius_004","화학","주기적 성질","고급","multiple_choice","Mg, Al, Si 중 원자 반지름이 가장 작은 원소는?","","같은 주기에서 오른쪽으로 갈수록 작아진다.","0","0"
"ionization_energy_001","화학","주기적 성질","초급","multiple_choice","Li와 F 중 1차 이온화 에너지가 큰 원소는?","","같은 주기에서 대체로 오른쪽으로 갈수록 커진다.","0","0"
"ionization_energy_002","화학","주기적 성질","초급","multiple_choice","Li와 Na 중 1차 이온화 에너지가 큰 원소는?","","같은 족에서 위쪽 원소가 더 크다.","0","0"
"ionization_energy_003","화학","주기적 성질","중급","multiple_choice","Na와 Cl 중 1차 이온화 에너지가 큰 원소는?","","같은 주기의 Cl이 더 크다.","0","0"
"ionization_energy_004","화학","주기적 성질","고급","multiple_choice","족 아래로 갈수록 1차 이온화 에너지는 대체로?","","원자 크기와 차폐가 커져 감소한다.","0","0"
"bond_type_001","화학","화학 결합","초급","multiple_choice","NaCl의 주된 결합 종류는?","","금속 Na와 비금속 Cl 사이의 이온 결합이다.","0","0"
"bond_type_002","화학","화학 결합","초급","multiple_choice","H₂O 분자 안의 O-H 결합은?","","비금속 원자 사이의 공유 결합이다.","0","0"
"bond_type_003","화학","화학 결합","중급","multiple_choice","고체 Mg에서 주된 결합은?","","마그네슘 원자 사이에는 금속 결합이 있다.","0","0"
"bond_type_004","화학","화학 결합","고급","multiple_choice","MgO의 주된 결합은?","","Mg²⁺와 O²⁻의 이온 결합이다.","0","0"
"bond_polarity_001","화학","화학 결합","초급","multiple_choice","Cl-Cl 결합의 분류는?","","같은 원자 사이 전기 음성도 차이는 0이다.","0","0"
"bond_polarity_002","화학","화학 결합","초급","multiple_choice","H-Cl 결합의 분류는?","","전기 음성도 차이가 있는 공유 결합이다.","0","0"
"bond_polarity_003","화학","화학 결합","중급","multiple_choice","Na-Cl 결합의 교육용 분류는?","","큰 전기 음성도 차이와 이온 형성으로 이온 결합이다.","0","0"
"bond_polarity_004","화학","화학 결합","고급","multiple_choice","C-H와 O-H 중 더 극성인 결합은?","","O-H의 전기 음성도 차이가 더 크다.","0","0"
"ionic_formula_001","화학","화학 결합","초급","short_answer","Na⁺와 Cl⁻로 이루어진 화합물의 화학식은?","","전하가 1:1로 상쇄된다.","0","0"
"ionic_formula_002","화학","화학 결합","초급","short_answer","Mg²⁺와 Cl⁻로 이루어진 화합물의 화학식은?","","Mg²⁺ 하나에 Cl⁻ 두 개가 필요하다.","0","0"
"ionic_formula_003","화학","화학 결합","중급","short_answer","Al³⁺와 O²⁻로 이루어진 화합물의 화학식은?","","최소공배수 6으로 전하를 상쇄한다.","0","0"
"ionic_formula_004","화학","화학 결합","고급","short_answer","Ca²⁺와 N³⁻로 이루어진 화합물의 화학식은?","","Ca²⁺ 3개와 N³⁻ 2개가 필요하다.","0","0"
"formula_mass_001","화학","화학량론","초급","short_answer","H₂O의 분자량은? (H=1, O=16)","","2×1+16=18이다.","0","0"
"formula_mass_002","화학","화학량론","초급","short_answer","CO₂의 분자량은? (C=12, O=16)","","12+2×16=44이다.","0","0"
"formula_mass_003","화학","화학량론","중급","short_answer","NaCl의 화학식량은? (Na=23, Cl=35.5)","","23+35.5=58.5이다.","0","0"
"formula_mass_004","화학","화학량론","중급","short_answer","CaCO₃의 화학식량은? (Ca=40,C=12,O=16)","","40+12+48=100이다.","0","0"
"formula_mass_005","화학","화학량론","고급","short_answer","H₂SO₄의 분자량은? (H=1,S=32,O=16)","","2+32+64=98이다.","0","0"
"mole_mass_mass_001","화학","화학량론","초급","numeric","H2 1 mol의 질량은 몇 g인가? (몰질량 2 g/mol)","","1×2=2 g입니다.","0","0"
"mole_mass_mass_002","화학","화학량론","초급","numeric","O2 2 mol의 질량은 몇 g인가? (몰질량 32 g/mol)","","2×32=64 g입니다.","0","0"
"mole_mass_mass_003","화학","화학량론","초급","numeric","N2 0.5 mol의 질량은 몇 g인가? (몰질량 28 g/mol)","","0.5×28=14 g입니다.","0","0"
"mole_mass_mass_004","화학","화학량론","초급","numeric","Cl2 1.5 mol의 질량은 몇 g인가? (몰질량 71 g/mol)","","1.5×71=106.5 g입니다.","0","0"
"mole_mass_mass_005","화학","화학량론","초급","numeric","H2O 1 mol의 질량은 몇 g인가? (몰질량 18 g/mol)","","1×18=18 g입니다.","0","0"
"mole_mass_mass_006","화학","화학량론","초급","numeric","CO2 2 mol의 질량은 몇 g인가? (몰질량 44 g/mol)","","2×44=88 g입니다.","0","0"
"mole_mass_mass_007","화학","화학량론","초급","numeric","CO 0.5 mol의 질량은 몇 g인가? (몰질량 28 g/mol)","","0.5×28=14 g입니다.","0","0"
"mole_mass_mass_008","화학","화학량론","초급","numeric","NH3 1.5 mol의 질량은 몇 g인가? (몰질량 17 g/mol)","","1.5×17=25.5 g입니다.","0","0"
"mole_mass_mass_009","화학","화학량론","중급","numeric","CH4 1 mol의 질량은 몇 g인가? (몰질량 16 g/mol)","","1×16=16 g입니다.","0","0"
"mole_mass_mass_010","화학","화학량론","중급","numeric","HCl 2 mol의 질량은 몇 g인가? (몰질량 36.5 g/mol)","","2×36.5=73 g입니다.","0","0"
"mole_mass_mass_011","화학","화학량론","중급","numeric","H2S 0.5 mol의 질량은 몇 g인가? (몰질량 34 g/mol)","","0.5×34=17 g입니다.","0","0"
"mole_mass_mass_012","화학","화학량론","중급","numeric","SO2 1.5 mol의 질량은 몇 g인가? (몰질량 64 g/mol)","","1.5×64=96 g입니다.","0","0"
"mole_mass_mass_013","화학","화학량론","중급","numeric","SO3 1 mol의 질량은 몇 g인가? (몰질량 80 g/mol)","","1×80=80 g입니다.","0","0"
"mole_mass_mass_014","화학","화학량론","중급","numeric","NO 2 mol의 질량은 몇 g인가? (몰질량 30 g/mol)","","2×30=60 g입니다.","0","0"
"mole_mass_mass_015","화학","화학량론","중급","numeric","NO2 0.5 mol의 질량은 몇 g인가? (몰질량 46 g/mol)","","0.5×46=23 g입니다.","0","0"
"mole_mass_mass_016","화학","화학량론","중급","numeric","N2O 1.5 mol의 질량은 몇 g인가? (몰질량 44 g/mol)","","1.5×44=66 g입니다.","0","0"
"mole_mass_mass_017","화학","화학량론","고급","numeric","NaCl 1 mol의 질량은 몇 g인가? (몰질량 58.5 g/mol)","","1×58.5=58.5 g입니다.","0","0"
"mole_mass_mass_018","화학","화학량론","고급","numeric","MgO 2 mol의 질량은 몇 g인가? (몰질량 40 g/mol)","","2×40=80 g입니다.","0","0"
"mole_mass_mass_019","화학","화학량론","고급","numeric","CaO 0.5 mol의 질량은 몇 g인가? (몰질량 56 g/mol)","","0.5×56=28 g입니다.","0","0"
"mole_mass_mass_020","화학","화학량론","고급","numeric","KCl 1.5 mol의 질량은 몇 g인가? (몰질량 74.5 g/mol)","","1.5×74.5=111.75 g입니다.","0","0"
"mole_mass_amount_001","화학","화학량론","중급","numeric","NaOH 20 g은 몇 mol인가? (몰질량 40 g/mol)","","20÷40=0.5 mol입니다.","0","0"
"mole_mass_amount_002","화학","화학량론","중급","numeric","KOH 56 g은 몇 mol인가? (몰질량 56 g/mol)","","56÷56=1 mol입니다.","0","0"
"mole_mass_amount_003","화학","화학량론","중급","numeric","MgCl2 190 g은 몇 mol인가? (몰질량 95 g/mol)","","190÷95=2 mol입니다.","0","0"
"mole_mass_amount_004","화학","화학량론","중급","numeric","CaCl2 166.5 g은 몇 mol인가? (몰질량 111 g/mol)","","166.5÷111=1.5 mol입니다.","0","0"
"mole_mass_amount_005","화학","화학량론","중급","numeric","Al2O3 51 g은 몇 mol인가? (몰질량 102 g/mol)","","51÷102=0.5 mol입니다.","0","0"
"mole_mass_amount_006","화학","화학량론","중급","numeric","Na2O 62 g은 몇 mol인가? (몰질량 62 g/mol)","","62÷62=1 mol입니다.","0","0"
"mole_mass_amount_007","화학","화학량론","중급","numeric","K2O 188 g은 몇 mol인가? (몰질량 94 g/mol)","","188÷94=2 mol입니다.","0","0"
"mole_mass_amount_008","화학","화학량론","고급","numeric","CaCO3 150 g은 몇 mol인가? (몰질량 100 g/mol)","","150÷100=1.5 mol입니다.","0","0"
"mole_mass_amount_009","화학","화학량론","고급","numeric","Na2CO3 53 g은 몇 mol인가? (몰질량 106 g/mol)","","53÷106=0.5 mol입니다.","0","0"
"mole_mass_amount_010","화학","화학량론","고급","numeric","NaHCO3 84 g은 몇 mol인가? (몰질량 84 g/mol)","","84÷84=1 mol입니다.","0","0"
"mole_mass_amount_011","화학","화학량론","고급","numeric","H2SO4 196 g은 몇 mol인가? (몰질량 98 g/mol)","","196÷98=2 mol입니다.","0","0"
"mole_mass_amount_012","화학","화학량론","고급","numeric","HNO3 94.5 g은 몇 mol인가? (몰질량 63 g/mol)","","94.5÷63=1.5 mol입니다.","0","0"
"mole_mass_amount_013","화학","화학량론","고급","numeric","H3PO4 49 g은 몇 mol인가? (몰질량 98 g/mol)","","49÷98=0.5 mol입니다.","0","0"
"mole_mass_amount_014","화학","화학량론","고급","numeric","CH3OH 32 g은 몇 mol인가? (몰질량 32 g/mol)","","32÷32=1 mol입니다.","0","0"
"mole_mass_amount_015","화학","화학량론","고급","numeric","C2H5OH 92 g은 몇 mol인가? (몰질량 46 g/mol)","","92÷46=2 mol입니다.","0","0"
"mole_mass_amount_016","화학","화학량론","고급","numeric","C2H4 42 g은 몇 mol인가? (몰질량 28 g/mol)","","42÷28=1.5 mol입니다.","0","0"
"mole_mass_amount_017","화학","화학량론","고급","numeric","C2H6 15 g은 몇 mol인가? (몰질량 30 g/mol)","","15÷30=0.5 mol입니다.","0","0"
"mole_mass_amount_018","화학","화학량론","고급","numeric","C3H8 44 g은 몇 mol인가? (몰질량 44 g/mol)","","44÷44=1 mol입니다.","0","0"
"mole_mass_amount_019","화학","화학량론","고급","numeric","C6H12O6 360 g은 몇 mol인가? (몰질량 180 g/mol)","","360÷180=2 mol입니다.","0","0"
"mole_mass_molar_001","화학","화학량론","초급","numeric","H2O의 몰질량은 몇 g/mol인가?","","H2O의 원자량을 합하면 18 g/mol입니다.","0","0"
"mole_mass_molar_002","화학","화학량론","초급","numeric","CO2의 몰질량은 몇 g/mol인가?","","CO2의 원자량을 합하면 44 g/mol입니다.","0","0"
"mole_mass_molar_003","화학","화학량론","중급","numeric","NaCl의 몰질량은 몇 g/mol인가?","","NaCl의 원자량을 합하면 58.5 g/mol입니다.","0","0"
"mole_mass_molar_004","화학","화학량론","중급","numeric","CaCO3의 몰질량은 몇 g/mol인가?","","CaCO3의 원자량을 합하면 100 g/mol입니다.","0","0"
"mole_mass_two_step_001","화학","화학량론","고급","numeric","Na2CO3 0.5 mol의 질량은? 먼저 몰질량을 계산한 뒤 질량을 구하세요.","","몰질량 106 g/mol을 구한 뒤 0.5×106=53 g입니다.","0","0"
"mole_mass_two_step_002","화학","화학량론","고급","numeric","C6H12O6 1.5 mol의 질량은? 먼저 몰질량을 계산한 뒤 질량을 구하세요.","","몰질량 180 g/mol을 구한 뒤 1.5×180=270 g입니다.","0","0"
"mole_mass_two_step_003","화학","화학량론","고급","numeric","H3PO4 2 mol의 질량은? 먼저 몰질량을 계산한 뒤 질량을 구하세요.","","몰질량 98 g/mol을 구한 뒤 2×98=196 g입니다.","0","0"
"mole_particles_001","화학","화학량론","초급","short_answer","분자 1 mol의 입자 수를 10²³ 단위 계수로 쓰면?","","아보가드로 상수는 6.02×10²³ mol⁻¹이다.","0","0"
"mole_particles_002","화학","화학량론","중급","short_answer","0.5 mol의 분자 수를 10²³ 단위 계수로 쓰면?","","0.5×6.02=3.01이다.","0","0"
"mole_particles_003","화학","화학량론","중급","short_answer","2 mol의 원자 수를 10²³ 단위 계수로 쓰면?","","2×6.02=12.04이다.","0","0"
"mole_particles_004","화학","화학량론","고급","short_answer","1.204×10²⁴개 입자는 몇 mol인가?","","1.204×10²⁴÷6.02×10²³=2 mol이다.","0","0"
"gas_volume_001","화학","화학량론","초급","numeric","0 ℃, 1기압에서 기체 1 mol의 부피를 22.4 L로 할 때, 산소 2 mol의 부피는?","","2×22.4=44.8 L입니다.","0","0"
"gas_volume_002","화학","화학량론","초급","numeric","0 ℃, 1기압에서 기체 1 mol의 부피를 22.4 L로 할 때, 질소 0.5 mol의 부피는?","","0.5×22.4=11.2 L입니다.","0","0"
"gas_volume_003","화학","화학량론","초급","numeric","0 ℃, 1기압에서 기체 1 mol의 부피를 22.4 L로 할 때, 33.6 L는 몇 mol인가?","","33.6÷22.4=1.5 mol입니다.","0","0"
"gas_volume_004","화학","화학량론","중급","numeric","25 ℃, 1기압에서 기체 1 mol의 부피가 24.5 L일 때, 3 mol의 부피는?","","3×24.5=73.5 L입니다.","0","0"
"gas_volume_005","화학","화학량론","중급","multiple_choice","같은 온도와 같은 압력에서 수소 2 mol과 산소 1 mol의 부피비는?","","같은 온도와 압력에서는 기체의 부피비가 몰수비와 같습니다.","0","0"
"gas_volume_006","화학","화학량론","중급","numeric","같은 온도와 같은 압력에서 기체 A 3 mol의 부피가 60 L일 때, 기체 B 1 mol의 부피는?","","같은 조건에서 몰수비와 부피비가 같으므로 60÷3=20 L입니다.","0","0"
"gas_volume_007","화학","화학량론","고급","multiple_choice","같은 온도와 같은 압력에서 2H₂ + O₂ → 2H₂O(g)일 때, 반응하는 H₂와 O₂의 부피비는?","","같은 조건에서 기체 부피비는 반응식 계수비 2:1과 같습니다.","0","0"
"gas_volume_008","화학","화학량론","고급","numeric","같은 온도와 같은 압력에서 N₂ + 3H₂ → 2NH₃일 때, 질소 10 L와 완전히 반응하는 수소의 부피는?","","계수비 N₂:H₂=1:3이므로 10×3=30 L입니다.","0","0"
"concentration_001","화학","화학량론","초급","short_answer","용질 1 mol이 2 L 용액에 있을 때 몰 농도는?","","1÷2=0.5 M이다.","0","0"
"concentration_002","화학","화학량론","초급","short_answer","0.2 M 용액 1 L에 든 용질은 몇 mol인가?","","0.2×1=0.2 mol이다.","0","0"
"concentration_003","화학","화학량론","중급","short_answer","0.5 M 용액 200 mL에 든 용질은 몇 mol인가?","","200 mL=0.2 L, 0.5×0.2=0.1 mol이다.","0","0"
"concentration_004","화학","화학량론","고급","short_answer","1.0 M 용액 100 mL를 500 mL로 묽히면 농도는?","","M₁V₁=M₂V₂에서 0.2 M이다.","0","0"
"equation_balancing_001","화학","화학 반응","초급","short_answer","H₂ + O₂ → H₂O의 최소 정수 계수는?","","2H₂+O₂→2H₂O이다.","0","0"
"equation_balancing_002","화학","화학 반응","초급","short_answer","N₂ + H₂ → NH₃의 최소 정수 계수는?","","N₂+3H₂→2NH₃이다.","0","0"
"equation_balancing_003","화학","화학 반응","중급","short_answer","Al + O₂ → Al₂O₃의 최소 정수 계수는?","","4Al+3O₂→2Al₂O₃이다.","0","0"
"equation_balancing_004","화학","화학 반응","고급","short_answer","C₃H₈ + O₂ → CO₂ + H₂O의 최소 정수 계수는?","","1,5,3,4이다.","0","0"
"stoichiometry_001","화학","화학량론","초급","short_answer","2H₂+O₂→2H₂O에서 H₂ 2 mol이 완전 반응할 때 H₂O는 몇 mol 생성되는가?","","계수비가 2:2이다.","0","0"
"stoichiometry_002","화학","화학량론","중급","short_answer","N₂+3H₂→2NH₃에서 N₂ 1 mol로 생성 가능한 NH₃는 몇 mol인가?","","계수비 1:2이다.","0","0"
"stoichiometry_003","화학","화학량론","중급","short_answer","2CO+O₂→2CO₂에서 CO 3 mol에 필요한 O₂는 몇 mol인가?","","CO:O₂=2:1이다.","0","0"
"stoichiometry_004","화학","화학량론","고급","short_answer","2H₂+O₂→2H₂O에서 H₂ 4 mol과 O₂ 1 mol 중 한계 반응물은?","","O₂ 1 mol은 H₂ 2 mol과만 반응한다.","0","0"
"oxidation_number_001","화학","산화환원","초급","short_answer","H₂","","홑원소의 산화수는 0이다.","0","1"
"oxidation_number_002","화학","산화환원","초급","short_answer","O₂","","홑원소의 산화수는 0이다.","0","1"
"oxidation_number_003","화학","산화환원","초급","short_answer","N₂","","홑원소의 산화수는 0이다.","0","1"
"oxidation_number_004","화학","산화환원","초급","short_answer","Cl₂","","홑원소의 산화수는 0이다.","0","1"
"oxidation_number_005","화학","산화환원","초급","short_answer","Na⁺","","단원자 이온의 산화수는 이온 전하와 같다.","0","1"
"oxidation_number_006","화학","산화환원","초급","short_answer","Mg²⁺","","단원자 이온의 산화수는 이온 전하와 같다.","0","0"
"oxidation_number_007","화학","산화환원","초급","short_answer","Al³⁺","","단원자 이온의 산화수는 이온 전하와 같다.","0","0"
"oxidation_number_008","화학","산화환원","초급","short_answer","Cl⁻","","단원자 이온의 산화수는 이온 전하와 같다.","0","1"
"oxidation_number_009","화학","산화환원","초급","short_answer","NaCl","","NaCl에서 Cl은 -1이므로 Na는 +1이다.","0","0"
"oxidation_number_010","화학","산화환원","초급","short_answer","NaCl","","NaCl에서 Na는 +1이므로 Cl은 -1이다.","0","0"
"oxidation_number_011","화학","산화환원","초급","short_answer","MgCl₂","","Cl이 각각 -1이므로 Mg는 +2이다.","0","0"
"oxidation_number_012","화학","산화환원","초급","short_answer","CaO","","Ca가 +2이므로 O는 -2이다.","0","0"
"oxidation_number_013","화학","산화환원","초급","short_answer","K₂O","","O가 -2이고 K가 두 개이므로 K는 +1이다.","0","1"
"oxidation_number_014","화학","산화환원","초급","short_answer","H₂O","","일반적인 화합물에서 H의 산화수는 +1이다.","0","1"
"oxidation_number_015","화학","산화환원","초급","short_answer","H₂O","","일반적인 화합물에서 O의 산화수는 -2이다.","0","1"
"oxidation_number_046","화학","산화환원","초급","short_answer","H₂O₂","","과산화물 H₂O₂에서 O의 산화수는 -1이다.","0","0"
"oxidation_number_047","화학","산화환원","초급","short_answer","H₂O₂","","H₂O₂에서도 H는 +1이고, 전체 산화수의 합이 0이 되려면 O는 -1이다.","0","0"
"oxidation_number_048","화학","산화환원","초급","short_answer","NaH","","금속 수소화물 NaH에서 H의 산화수는 -1이다.","0","0"
"oxidation_number_049","화학","산화환원","초급","short_answer","CaH₂","","금속 수소화물 CaH₂에서 H의 산화수는 -1이다.","0","0"
"oxidation_number_050","화학","산화환원","초급","short_answer","OF₂","","화합물에서 F는 -1이므로 O + 2(-1) = 0에서 O는 +2이다.","0","1"
"oxidation_number_051","화학","산화환원","초급","short_answer","OF₂","","F는 화합물에서 -1이며, 그 결과 OF₂에서 O는 +2가 된다.","0","1"
"oxidation_number_016","화학","산화환원","중급","short_answer","CO₂","","C + 2(-2) = 0이므로 C는 +4이다.","0","1"
"oxidation_number_017","화학","산화환원","중급","short_answer","CO","","C + (-2) = 0이므로 C는 +2이다.","0","0"
"oxidation_number_018","화학","산화환원","중급","short_answer","CH₄","","C + 4(+1) = 0이므로 C는 -4이다.","0","1"
"oxidation_number_019","화학","산화환원","중급","short_answer","NH₃","","N + 3(+1) = 0이므로 N은 -3이다.","0","1"
"oxidation_number_020","화학","산화환원","중급","short_answer","HCl","","H가 +1이므로 Cl은 -1이다.","0","0"
"oxidation_number_021","화학","산화환원","중급","short_answer","H₂S","","2(+1) + S = 0이므로 S는 -2이다.","0","1"
"oxidation_number_022","화학","산화환원","중급","short_answer","SO₂","","S + 2(-2) = 0이므로 S는 +4이다.","0","1"
"oxidation_number_023","화학","산화환원","중급","short_answer","SO₃","","S + 3(-2) = 0이므로 S는 +6이다.","0","1"
"oxidation_number_024","화학","산화환원","중급","short_answer","NO","","N + (-2) = 0이므로 N은 +2이다.","0","0"
"oxidation_number_025","화학","산화환원","중급","short_answer","NO₂","","N + 2(-2) = 0이므로 N은 +4이다.","0","1"
"oxidation_number_026","화학","산화환원","중급","short_answer","PCl₃","","P + 3(-1) = 0이므로 P는 +3이다.","0","0"
"oxidation_number_027","화학","산화환원","중급","short_answer","PCl₅","","P + 5(-1) = 0이므로 P는 +5이다.","0","0"
"oxidation_number_028","화학","산화환원","중급","short_answer","SiCl₄","","Si + 4(-1) = 0이므로 Si는 +4이다.","0","0"
"oxidation_number_029","화학","산화환원","중급","short_answer","Al₂O₃","","2Al + 3(-2) = 0이므로 Al은 +3이다.","0","0"
"oxidation_number_030","화학","산화환원","중급","short_answer","Mg₃N₂","","3(+2) + 2N = 0이므로 N은 -3이다.","0","0"
"oxidation_number_052","화학","산화환원","중급","short_answer","Na₂O₂","","Na₂O₂는 과산화물이므로 O의 산화수는 -1이다.","0","0"
"oxidation_number_053","화학","산화환원","중급","short_answer","K₂O₂","","K₂O₂는 과산화물이므로 O의 산화수는 -1이다.","0","0"
"oxidation_number_054","화학","산화환원","중급","short_answer","MgH₂","","금속 수소화물 MgH₂에서 H의 산화수는 -1이다.","0","0"
"oxidation_number_055","화학","산화환원","중급","short_answer","KH","","금속 수소화물 KH에서 H의 산화수는 -1이다.","0","0"
"oxidation_number_056","화학","산화환원","중급","short_answer","HClO","","(+1) + Cl + (-2) = 0이므로 Cl은 +1이다.","0","0"
"oxidation_number_057","화학","산화환원","중급","short_answer","HClO₄","","(+1) + Cl + 4(-2) = 0이므로 Cl은 +7이다.","0","0"
"oxidation_number_031","화학","산화환원","고급","short_answer","NO₃⁻","","N + 3(-2) = -1이므로 N은 +5이다.","0","0"
"oxidation_number_032","화학","산화환원","고급","short_answer","NO₂⁻","","N + 2(-2) = -1이므로 N은 +3이다.","0","0"
"oxidation_number_033","화학","산화환원","고급","short_answer","SO₄²⁻","","S + 4(-2) = -2이므로 S는 +6이다.","0","0"
"oxidation_number_034","화학","산화환원","고급","short_answer","SO₃²⁻","","S + 3(-2) = -2이므로 S는 +4이다.","0","0"
"oxidation_number_035","화학","산화환원","고급","short_answer","CO₃²⁻","","C + 3(-2) = -2이므로 C는 +4이다.","0","0"
"oxidation_number_036","화학","산화환원","고급","short_answer","PO₄³⁻","","P + 4(-2) = -3이므로 P는 +5이다.","0","0"
"oxidation_number_037","화학","산화환원","고급","short_answer","NH₄⁺","","N + 4(+1) = +1이므로 N은 -3이다.","0","0"
"oxidation_number_038","화학","산화환원","고급","short_answer","H₂SO₄","","2(+1) + S + 4(-2) = 0이므로 S는 +6이다.","0","0"
"oxidation_number_039","화학","산화환원","고급","short_answer","HNO₃","","(+1) + N + 3(-2) = 0이므로 N은 +5이다.","0","0"
"oxidation_number_040","화학","산화환원","고급","short_answer","H₃PO₄","","3(+1) + P + 4(-2) = 0이므로 P는 +5이다.","0","0"
"oxidation_number_041","화학","산화환원","고급","short_answer","Na₂SO₄","","2(+1) + S + 4(-2) = 0이므로 S는 +6이다.","0","0"
"oxidation_number_042","화학","산화환원","고급","short_answer","KNO₃","","(+1) + N + 3(-2) = 0이므로 N은 +5이다.","0","0"
"oxidation_number_043","화학","산화환원","고급","short_answer","CaCO₃","","(+2) + C + 3(-2) = 0이므로 C는 +4이다.","0","0"
"oxidation_number_044","화학","산화환원","고급","short_answer","Na₃PO₄","","3(+1) + P + 4(-2) = 0이므로 P는 +5이다.","0","0"
"oxidation_number_045","화학","산화환원","고급","short_answer","Ca(NO₃)₂","","NO₃⁻에서 N + 3(-2) = -1이므로 N은 +5이다.","0","0"
"oxidation_number_058","화학","산화환원","고급","short_answer","CH₃OH","","메탄올 CH₃OH에서 H를 +1, O를 -2로 먼저 두면 C + 4(+1) + (-2) = 0이므로 C는 -2이다.","0","0"
"oxidation_number_059","화학","산화환원","고급","short_answer","C₂H₆O","","에탄올 C₂H₆O에서 H와 O를 먼저 처리한다. C의 평균 산화수를 x라 하면 2x + 6(+1) + (-2) = 0이므로 x는 -2이다.","0","0"
"oxidation_number_060","화학","산화환원","고급","short_answer","C₂H₄O₂","","아세트산 C₂H₄O₂에서 H와 O를 먼저 처리한다. C의 평균 산화수를 x라 하면 2x + 4(+1) + 2(-2) = 0이므로 x는 0이다.","0","0"
"oxidation_number_061","화학","산화환원","고급","short_answer","C₆H₁₂O₆","","포도당 C₆H₁₂O₆에서 H와 O를 먼저 처리한다. C의 평균 산화수를 x라 하면 6x + 12(+1) + 6(-2) = 0이므로 x는 0이다.","0","0"
"oxidation_number_062","화학","산화환원","고급","short_answer","NH₄NO₃","","NH₄⁺ 부분에서 N + 4(+1) = +1이므로 밑줄 친 N은 -3이다.","0","0"
"oxidation_number_063","화학","산화환원","고급","short_answer","NH₄NO₃","","NO₃⁻ 부분에서 N + 3(-2) = -1이므로 밑줄 친 N은 +5이다.","0","0"
"oxidation_number_064","화학","산화환원","초급","short_answer","C","","홑원소 C의 산화수는 0이다.","0","0"
"oxidation_number_065","화학","산화환원","중급","short_answer","Na₂O","","Na₂O에서 O는 -2이므로 2Na + (-2) = 0에서 Na는 +1이다.","0","0"
"oxidation_number_066","화학","산화환원","고급","short_answer","Al₂S₃","","Al₂S₃에서 Al은 +3이므로 2(+3) + 3S = 0에서 S는 -2이다.","0","0"
"redox_001","화학","산화환원","초급","multiple_choice","2Mg + O₂ → 2MgO","","산화","0","0"
"redox_002","화학","산화환원","초급","multiple_choice","Zn + 2H⁺ → Zn²⁺ + H₂","","산화","0","0"
"redox_003","화학","산화환원","초급","multiple_choice","2Na + Cl₂ → 2NaCl","","산화","0","0"
"redox_004","화학","산화환원","초급","multiple_choice","Fe + Cu²⁺ → Fe²⁺ + Cu","","산화","0","0"
"redox_005","화학","산화환원","초급","multiple_choice","Cu + 2Ag⁺ → Cu²⁺ + 2Ag","","산화","0","0"
"redox_006","화학","산화환원","중급","multiple_choice","2Fe²⁺ + Cl₂ → 2Fe³⁺ + 2Cl⁻","","산화","0","0"
"redox_007","화학","산화환원","중급","multiple_choice","2I⁻ + Br₂ → I₂ + 2Br⁻","","산화","0","0"
"redox_008","화학","산화환원","중급","multiple_choice","2Br⁻ + Cl₂ → Br₂ + 2Cl⁻","","산화","0","0"
"redox_009","화학","산화환원","중급","multiple_choice","H₂ + CuO → Cu + H₂O","","산화","0","0"
"redox_010","화학","산화환원","고급","multiple_choice","CH₄ + 2O₂ → CO₂ + 2H₂O","","산화","0","0"
"redox_011","화학","산화환원","고급","multiple_choice","3CO + Fe₂O₃ → 2Fe + 3CO₂","","산화","0","0"
"redox_012","화학","산화환원","초급","multiple_choice","2Mg + O₂ → 2MgO","","환원","0","0"
"redox_013","화학","산화환원","초급","multiple_choice","Zn + 2H⁺ → Zn²⁺ + H₂","","환원","0","0"
"redox_014","화학","산화환원","초급","multiple_choice","2Na + Cl₂ → 2NaCl","","환원","0","0"
"redox_015","화학","산화환원","초급","multiple_choice","Fe + Cu²⁺ → Fe²⁺ + Cu","","환원","0","0"
"redox_016","화학","산화환원","초급","multiple_choice","Cu + 2Ag⁺ → Cu²⁺ + 2Ag","","환원","0","0"
"redox_017","화학","산화환원","중급","multiple_choice","2Fe²⁺ + Cl₂ → 2Fe³⁺ + 2Cl⁻","","환원","0","0"
"redox_018","화학","산화환원","중급","multiple_choice","2I⁻ + Br₂ → I₂ + 2Br⁻","","환원","0","0"
"redox_019","화학","산화환원","중급","multiple_choice","2Br⁻ + Cl₂ → Br₂ + 2Cl⁻","","환원","0","0"
"redox_020","화학","산화환원","중급","multiple_choice","H₂ + CuO → Cu + H₂O","","환원","0","0"
"redox_021","화학","산화환원","고급","multiple_choice","CH₄ + 2O₂ → CO₂ + 2H₂O","","환원","0","0"
"redox_022","화학","산화환원","고급","multiple_choice","3CO + Fe₂O₃ → 2Fe + 3CO₂","","환원","0","0"
"redox_023","화학","산화환원","초급","multiple_choice","HCl + NaOH → NaCl + H₂O","","둘 다 아님","0","0"
"redox_024","화학","산화환원","초급","multiple_choice","2HNO₃ + Ca(OH)₂ → Ca(NO₃)₂ + 2H₂O","","둘 다 아님","0","0"
"redox_025","화학","산화환원","초급","multiple_choice","H₂SO₄ + 2KOH → K₂SO₄ + 2H₂O","","둘 다 아님","0","0"
"redox_026","화학","산화환원","중급","multiple_choice","AgNO₃ + NaCl → AgCl↓ + NaNO₃","","둘 다 아님","0","0"
"redox_027","화학","산화환원","중급","multiple_choice","BaCl₂ + Na₂SO₄ → BaSO₄↓ + 2NaCl","","둘 다 아님","0","0"
"redox_028","화학","산화환원","중급","multiple_choice","CaCl₂ + Na₂CO₃ → CaCO₃↓ + 2NaCl","","둘 다 아님","0","0"
"redox_029","화학","산화환원","고급","multiple_choice","Pb(NO₃)₂ + 2KI → PbI₂↓ + 2KNO₃","","둘 다 아님","0","0"
"redox_030","화학","산화환원","고급","multiple_choice","CuSO₄ + 2NaOH → Cu(OH)₂↓ + Na₂SO₄","","둘 다 아님","0","0"
"redox_031","화학","산화환원","초급","multiple_choice","C + O₂ → CO₂","","산화","0","0"
"redox_032","화학","산화환원","초급","multiple_choice","2H₂ + O₂ → 2H₂O","","산화","0","0"
"redox_033","화학","산화환원","중급","multiple_choice","ZnO + C → Zn + CO","","산화","0","0"
"redox_034","화학","산화환원","초급","multiple_choice","4Fe + 3O₂ → 2Fe₂O₃","","산화","0","0"
"redox_035","화학","산화환원","중급","multiple_choice","N₂ + O₂ → 2NO","","산화","0","0"
"redox_036","화학","산화환원","중급","multiple_choice","2NO + O₂ → 2NO₂","","산화","0","0"
"redox_037","화학","산화환원","초급","multiple_choice","4Na + O₂ → 2Na₂O","","산화","0","0"
"redox_038","화학","산화환원","초급","multiple_choice","2Cu + O₂ → 2CuO","","산화","0","0"
"redox_039","화학","산화환원","초급","multiple_choice","4Al + 3O₂ → 2Al₂O₃","","산화","0","0"
"redox_040","화학","산화환원","중급","multiple_choice","2Ag⁺ + Fe → 2Ag + Fe²⁺","","산화","0","0"
"redox_041","화학","산화환원","고급","multiple_choice","2Al + 3Ag₂S → Al₂S₃ + 6Ag","","산화","0","0"
"redox_042","화학","산화환원","초급","multiple_choice","C + O₂ → CO₂","","환원","0","0"
"redox_043","화학","산화환원","초급","multiple_choice","2H₂ + O₂ → 2H₂O","","환원","0","0"
"redox_044","화학","산화환원","중급","multiple_choice","ZnO + C → Zn + CO","","환원","0","0"
"redox_045","화학","산화환원","초급","multiple_choice","4Fe + 3O₂ → 2Fe₂O₃","","환원","0","0"
"redox_046","화학","산화환원","중급","multiple_choice","N₂ + O₂ → 2NO","","환원","0","0"
"redox_047","화학","산화환원","중급","multiple_choice","2NO + O₂ → 2NO₂","","환원","0","0"
"redox_048","화학","산화환원","초급","multiple_choice","4Na + O₂ → 2Na₂O","","환원","0","0"
"redox_049","화학","산화환원","초급","multiple_choice","2Cu + O₂ → 2CuO","","환원","0","0"
"redox_050","화학","산화환원","초급","multiple_choice","4Al + 3O₂ → 2Al₂O₃","","환원","0","0"
"redox_051","화학","산화환원","중급","multiple_choice","2Ag⁺ + Fe → 2Ag + Fe²⁺","","환원","0","0"
"redox_052","화학","산화환원","고급","multiple_choice","2Al + 3Ag₂S → Al₂S₃ + 6Ag","","환원","0","0"
"metal_reactivity_001","화학","산화환원","고급","binary_choice","(K Ca)","","반응성 서열에서 K > Ca이므로 좌가 정답입니다.","0","0"
"metal_reactivity_002","화학","산화환원","고급","binary_choice","(Ca K)","","반응성 서열에서 K > Ca이므로 우가 정답입니다.","0","0"
"metal_reactivity_003","화학","산화환원","고급","binary_choice","(K Na)","","반응성 서열에서 K > Na이므로 좌가 정답입니다.","0","0"
"metal_reactivity_004","화학","산화환원","고급","binary_choice","(Na K)","","반응성 서열에서 K > Na이므로 우가 정답입니다.","0","0"
"metal_reactivity_005","화학","산화환원","고급","binary_choice","(K Mg)","","반응성 서열에서 K > Mg이므로 좌가 정답입니다.","0","0"
"metal_reactivity_006","화학","산화환원","고급","binary_choice","(Mg K)","","반응성 서열에서 K > Mg이므로 우가 정답입니다.","0","0"
"metal_reactivity_007","화학","산화환원","중급","binary_choice","(K Al)","","반응성 서열에서 K > Al이므로 좌가 정답입니다.","0","0"
"metal_reactivity_008","화학","산화환원","중급","binary_choice","(Al K)","","반응성 서열에서 K > Al이므로 우가 정답입니다.","0","0"
"metal_reactivity_009","화학","산화환원","중급","binary_choice","(K Zn)","","반응성 서열에서 K > Zn이므로 좌가 정답입니다.","0","0"
"metal_reactivity_010","화학","산화환원","중급","binary_choice","(Zn K)","","반응성 서열에서 K > Zn이므로 우가 정답입니다.","0","0"
"metal_reactivity_011","화학","산화환원","중급","binary_choice","(K Fe)","","반응성 서열에서 K > Fe이므로 좌가 정답입니다.","0","0"
"metal_reactivity_012","화학","산화환원","중급","binary_choice","(Fe K)","","반응성 서열에서 K > Fe이므로 우가 정답입니다.","0","0"
"metal_reactivity_013","화학","산화환원","중급","binary_choice","(K Ni)","","반응성 서열에서 K > Ni이므로 좌가 정답입니다.","0","0"
"metal_reactivity_014","화학","산화환원","중급","binary_choice","(Ni K)","","반응성 서열에서 K > Ni이므로 우가 정답입니다.","0","0"
"metal_reactivity_015","화학","산화환원","초급","binary_choice","(K Sn)","","반응성 서열에서 K > Sn이므로 좌가 정답입니다.","0","0"
"metal_reactivity_016","화학","산화환원","초급","binary_choice","(Sn K)","","반응성 서열에서 K > Sn이므로 우가 정답입니다.","0","0"
"metal_reactivity_017","화학","산화환원","초급","binary_choice","(K Pb)","","반응성 서열에서 K > Pb이므로 좌가 정답입니다.","0","0"
"metal_reactivity_018","화학","산화환원","초급","binary_choice","(Pb K)","","반응성 서열에서 K > Pb이므로 우가 정답입니다.","0","0"
"metal_reactivity_019","화학","산화환원","초급","binary_choice","(K H)","","반응성 서열에서 K > H이므로 좌가 정답입니다.","0","0"
"metal_reactivity_020","화학","산화환원","초급","binary_choice","(H K)","","반응성 서열에서 K > H이므로 우가 정답입니다.","0","0"
"metal_reactivity_021","화학","산화환원","초급","binary_choice","(K Cu)","","반응성 서열에서 K > Cu이므로 좌가 정답입니다.","0","0"
"metal_reactivity_022","화학","산화환원","초급","binary_choice","(Cu K)","","반응성 서열에서 K > Cu이므로 우가 정답입니다.","0","0"
"metal_reactivity_023","화학","산화환원","초급","binary_choice","(K Hg)","","반응성 서열에서 K > Hg이므로 좌가 정답입니다.","0","0"
"metal_reactivity_024","화학","산화환원","초급","binary_choice","(Hg K)","","반응성 서열에서 K > Hg이므로 우가 정답입니다.","0","0"
"metal_reactivity_025","화학","산화환원","초급","binary_choice","(K Ag)","","반응성 서열에서 K > Ag이므로 좌가 정답입니다.","0","0"
"metal_reactivity_026","화학","산화환원","초급","binary_choice","(Ag K)","","반응성 서열에서 K > Ag이므로 우가 정답입니다.","0","0"
"metal_reactivity_027","화학","산화환원","초급","binary_choice","(K Pt)","","반응성 서열에서 K > Pt이므로 좌가 정답입니다.","0","0"
"metal_reactivity_028","화학","산화환원","초급","binary_choice","(Pt K)","","반응성 서열에서 K > Pt이므로 우가 정답입니다.","0","0"
"metal_reactivity_029","화학","산화환원","초급","binary_choice","(K Au)","","반응성 서열에서 K > Au이므로 좌가 정답입니다.","0","0"
"metal_reactivity_030","화학","산화환원","초급","binary_choice","(Au K)","","반응성 서열에서 K > Au이므로 우가 정답입니다.","0","0"
"metal_reactivity_031","화학","산화환원","고급","binary_choice","(Ca Na)","","반응성 서열에서 Ca > Na이므로 좌가 정답입니다.","0","0"
"metal_reactivity_032","화학","산화환원","고급","binary_choice","(Na Ca)","","반응성 서열에서 Ca > Na이므로 우가 정답입니다.","0","0"
"metal_reactivity_033","화학","산화환원","고급","binary_choice","(Ca Mg)","","반응성 서열에서 Ca > Mg이므로 좌가 정답입니다.","0","0"
"metal_reactivity_034","화학","산화환원","고급","binary_choice","(Mg Ca)","","반응성 서열에서 Ca > Mg이므로 우가 정답입니다.","0","0"
"metal_reactivity_035","화학","산화환원","고급","binary_choice","(Ca Al)","","반응성 서열에서 Ca > Al이므로 좌가 정답입니다.","0","0"
"metal_reactivity_036","화학","산화환원","고급","binary_choice","(Al Ca)","","반응성 서열에서 Ca > Al이므로 우가 정답입니다.","0","0"
"metal_reactivity_037","화학","산화환원","중급","binary_choice","(Ca Zn)","","반응성 서열에서 Ca > Zn이므로 좌가 정답입니다.","0","0"
"metal_reactivity_038","화학","산화환원","중급","binary_choice","(Zn Ca)","","반응성 서열에서 Ca > Zn이므로 우가 정답입니다.","0","0"
"metal_reactivity_039","화학","산화환원","중급","binary_choice","(Ca Fe)","","반응성 서열에서 Ca > Fe이므로 좌가 정답입니다.","0","0"
"metal_reactivity_040","화학","산화환원","중급","binary_choice","(Fe Ca)","","반응성 서열에서 Ca > Fe이므로 우가 정답입니다.","0","0"
"metal_reactivity_041","화학","산화환원","중급","binary_choice","(Ca Ni)","","반응성 서열에서 Ca > Ni이므로 좌가 정답입니다.","0","0"
"metal_reactivity_042","화학","산화환원","중급","binary_choice","(Ni Ca)","","반응성 서열에서 Ca > Ni이므로 우가 정답입니다.","0","0"
"metal_reactivity_043","화학","산화환원","중급","binary_choice","(Ca Sn)","","반응성 서열에서 Ca > Sn이므로 좌가 정답입니다.","0","0"
"metal_reactivity_044","화학","산화환원","중급","binary_choice","(Sn Ca)","","반응성 서열에서 Ca > Sn이므로 우가 정답입니다.","0","0"
"metal_reactivity_045","화학","산화환원","초급","binary_choice","(Ca Pb)","","반응성 서열에서 Ca > Pb이므로 좌가 정답입니다.","0","0"
"metal_reactivity_046","화학","산화환원","초급","binary_choice","(Pb Ca)","","반응성 서열에서 Ca > Pb이므로 우가 정답입니다.","0","0"
"metal_reactivity_047","화학","산화환원","초급","binary_choice","(Ca H)","","반응성 서열에서 Ca > H이므로 좌가 정답입니다.","0","0"
"metal_reactivity_048","화학","산화환원","초급","binary_choice","(H Ca)","","반응성 서열에서 Ca > H이므로 우가 정답입니다.","0","0"
"metal_reactivity_049","화학","산화환원","초급","binary_choice","(Ca Cu)","","반응성 서열에서 Ca > Cu이므로 좌가 정답입니다.","0","0"
"metal_reactivity_050","화학","산화환원","초급","binary_choice","(Cu Ca)","","반응성 서열에서 Ca > Cu이므로 우가 정답입니다.","0","0"
"metal_reactivity_051","화학","산화환원","초급","binary_choice","(Ca Hg)","","반응성 서열에서 Ca > Hg이므로 좌가 정답입니다.","0","0"
"metal_reactivity_052","화학","산화환원","초급","binary_choice","(Hg Ca)","","반응성 서열에서 Ca > Hg이므로 우가 정답입니다.","0","0"
"metal_reactivity_053","화학","산화환원","초급","binary_choice","(Ca Ag)","","반응성 서열에서 Ca > Ag이므로 좌가 정답입니다.","0","0"
"metal_reactivity_054","화학","산화환원","초급","binary_choice","(Ag Ca)","","반응성 서열에서 Ca > Ag이므로 우가 정답입니다.","0","0"
"metal_reactivity_055","화학","산화환원","초급","binary_choice","(Ca Pt)","","반응성 서열에서 Ca > Pt이므로 좌가 정답입니다.","0","0"
"metal_reactivity_056","화학","산화환원","초급","binary_choice","(Pt Ca)","","반응성 서열에서 Ca > Pt이므로 우가 정답입니다.","0","0"
"metal_reactivity_057","화학","산화환원","초급","binary_choice","(Ca Au)","","반응성 서열에서 Ca > Au이므로 좌가 정답입니다.","0","0"
"metal_reactivity_058","화학","산화환원","초급","binary_choice","(Au Ca)","","반응성 서열에서 Ca > Au이므로 우가 정답입니다.","0","0"
"metal_reactivity_059","화학","산화환원","고급","binary_choice","(Na Mg)","","반응성 서열에서 Na > Mg이므로 좌가 정답입니다.","0","0"
"metal_reactivity_060","화학","산화환원","고급","binary_choice","(Mg Na)","","반응성 서열에서 Na > Mg이므로 우가 정답입니다.","0","0"
"metal_reactivity_061","화학","산화환원","고급","binary_choice","(Na Al)","","반응성 서열에서 Na > Al이므로 좌가 정답입니다.","0","0"
"metal_reactivity_062","화학","산화환원","고급","binary_choice","(Al Na)","","반응성 서열에서 Na > Al이므로 우가 정답입니다.","0","0"
"metal_reactivity_063","화학","산화환원","고급","binary_choice","(Na Zn)","","반응성 서열에서 Na > Zn이므로 좌가 정답입니다.","0","0"
"metal_reactivity_064","화학","산화환원","고급","binary_choice","(Zn Na)","","반응성 서열에서 Na > Zn이므로 우가 정답입니다.","0","0"
"metal_reactivity_065","화학","산화환원","중급","binary_choice","(Na Fe)","","반응성 서열에서 Na > Fe이므로 좌가 정답입니다.","0","0"
"metal_reactivity_066","화학","산화환원","중급","binary_choice","(Fe Na)","","반응성 서열에서 Na > Fe이므로 우가 정답입니다.","0","0"
"metal_reactivity_067","화학","산화환원","중급","binary_choice","(Na Ni)","","반응성 서열에서 Na > Ni이므로 좌가 정답입니다.","0","0"
"metal_reactivity_068","화학","산화환원","중급","binary_choice","(Ni Na)","","반응성 서열에서 Na > Ni이므로 우가 정답입니다.","0","0"
"metal_reactivity_069","화학","산화환원","중급","binary_choice","(Na Sn)","","반응성 서열에서 Na > Sn이므로 좌가 정답입니다.","0","0"
"metal_reactivity_070","화학","산화환원","중급","binary_choice","(Sn Na)","","반응성 서열에서 Na > Sn이므로 우가 정답입니다.","0","0"
"metal_reactivity_071","화학","산화환원","중급","binary_choice","(Na Pb)","","반응성 서열에서 Na > Pb이므로 좌가 정답입니다.","0","0"
"metal_reactivity_072","화학","산화환원","중급","binary_choice","(Pb Na)","","반응성 서열에서 Na > Pb이므로 우가 정답입니다.","0","0"
"metal_reactivity_073","화학","산화환원","초급","binary_choice","(Na H)","","반응성 서열에서 Na > H이므로 좌가 정답입니다.","0","0"
"metal_reactivity_074","화학","산화환원","초급","binary_choice","(H Na)","","반응성 서열에서 Na > H이므로 우가 정답입니다.","0","0"
"metal_reactivity_075","화학","산화환원","초급","binary_choice","(Na Cu)","","반응성 서열에서 Na > Cu이므로 좌가 정답입니다.","0","0"
"metal_reactivity_076","화학","산화환원","초급","binary_choice","(Cu Na)","","반응성 서열에서 Na > Cu이므로 우가 정답입니다.","0","0"
"metal_reactivity_077","화학","산화환원","초급","binary_choice","(Na Hg)","","반응성 서열에서 Na > Hg이므로 좌가 정답입니다.","0","0"
"metal_reactivity_078","화학","산화환원","초급","binary_choice","(Hg Na)","","반응성 서열에서 Na > Hg이므로 우가 정답입니다.","0","0"
"metal_reactivity_079","화학","산화환원","초급","binary_choice","(Na Ag)","","반응성 서열에서 Na > Ag이므로 좌가 정답입니다.","0","0"
"metal_reactivity_080","화학","산화환원","초급","binary_choice","(Ag Na)","","반응성 서열에서 Na > Ag이므로 우가 정답입니다.","0","0"
"metal_reactivity_081","화학","산화환원","초급","binary_choice","(Na Pt)","","반응성 서열에서 Na > Pt이므로 좌가 정답입니다.","0","0"
"metal_reactivity_082","화학","산화환원","초급","binary_choice","(Pt Na)","","반응성 서열에서 Na > Pt이므로 우가 정답입니다.","0","0"
"metal_reactivity_083","화학","산화환원","초급","binary_choice","(Na Au)","","반응성 서열에서 Na > Au이므로 좌가 정답입니다.","0","0"
"metal_reactivity_084","화학","산화환원","초급","binary_choice","(Au Na)","","반응성 서열에서 Na > Au이므로 우가 정답입니다.","0","0"
"metal_reactivity_085","화학","산화환원","고급","binary_choice","(Mg Al)","","반응성 서열에서 Mg > Al이므로 좌가 정답입니다.","0","0"
"metal_reactivity_086","화학","산화환원","고급","binary_choice","(Al Mg)","","반응성 서열에서 Mg > Al이므로 우가 정답입니다.","0","0"
"metal_reactivity_087","화학","산화환원","고급","binary_choice","(Mg Zn)","","반응성 서열에서 Mg > Zn이므로 좌가 정답입니다.","0","0"
"metal_reactivity_088","화학","산화환원","고급","binary_choice","(Zn Mg)","","반응성 서열에서 Mg > Zn이므로 우가 정답입니다.","0","0"
"metal_reactivity_089","화학","산화환원","고급","binary_choice","(Mg Fe)","","반응성 서열에서 Mg > Fe이므로 좌가 정답입니다.","0","0"
"metal_reactivity_090","화학","산화환원","고급","binary_choice","(Fe Mg)","","반응성 서열에서 Mg > Fe이므로 우가 정답입니다.","0","0"
"metal_reactivity_091","화학","산화환원","중급","binary_choice","(Mg Ni)","","반응성 서열에서 Mg > Ni이므로 좌가 정답입니다.","0","0"
"metal_reactivity_092","화학","산화환원","중급","binary_choice","(Ni Mg)","","반응성 서열에서 Mg > Ni이므로 우가 정답입니다.","0","0"
"metal_reactivity_093","화학","산화환원","중급","binary_choice","(Mg Sn)","","반응성 서열에서 Mg > Sn이므로 좌가 정답입니다.","0","0"
"metal_reactivity_094","화학","산화환원","중급","binary_choice","(Sn Mg)","","반응성 서열에서 Mg > Sn이므로 우가 정답입니다.","0","0"
"metal_reactivity_095","화학","산화환원","중급","binary_choice","(Mg Pb)","","반응성 서열에서 Mg > Pb이므로 좌가 정답입니다.","0","0"
"metal_reactivity_096","화학","산화환원","중급","binary_choice","(Pb Mg)","","반응성 서열에서 Mg > Pb이므로 우가 정답입니다.","0","0"
"metal_reactivity_097","화학","산화환원","중급","binary_choice","(Mg H)","","반응성 서열에서 Mg > H이므로 좌가 정답입니다.","0","0"
"metal_reactivity_098","화학","산화환원","중급","binary_choice","(H Mg)","","반응성 서열에서 Mg > H이므로 우가 정답입니다.","0","0"
"metal_reactivity_099","화학","산화환원","초급","binary_choice","(Mg Cu)","","반응성 서열에서 Mg > Cu이므로 좌가 정답입니다.","0","0"
"metal_reactivity_100","화학","산화환원","초급","binary_choice","(Cu Mg)","","반응성 서열에서 Mg > Cu이므로 우가 정답입니다.","0","0"
"metal_reactivity_101","화학","산화환원","초급","binary_choice","(Mg Hg)","","반응성 서열에서 Mg > Hg이므로 좌가 정답입니다.","0","0"
"metal_reactivity_102","화학","산화환원","초급","binary_choice","(Hg Mg)","","반응성 서열에서 Mg > Hg이므로 우가 정답입니다.","0","0"
"metal_reactivity_103","화학","산화환원","초급","binary_choice","(Mg Ag)","","반응성 서열에서 Mg > Ag이므로 좌가 정답입니다.","0","0"
"metal_reactivity_104","화학","산화환원","초급","binary_choice","(Ag Mg)","","반응성 서열에서 Mg > Ag이므로 우가 정답입니다.","0","0"
"metal_reactivity_105","화학","산화환원","초급","binary_choice","(Mg Pt)","","반응성 서열에서 Mg > Pt이므로 좌가 정답입니다.","0","0"
"metal_reactivity_106","화학","산화환원","초급","binary_choice","(Pt Mg)","","반응성 서열에서 Mg > Pt이므로 우가 정답입니다.","0","0"
"metal_reactivity_107","화학","산화환원","초급","binary_choice","(Mg Au)","","반응성 서열에서 Mg > Au이므로 좌가 정답입니다.","0","0"
"metal_reactivity_108","화학","산화환원","초급","binary_choice","(Au Mg)","","반응성 서열에서 Mg > Au이므로 우가 정답입니다.","0","0"
"metal_reactivity_109","화학","산화환원","고급","binary_choice","(Al Zn)","","반응성 서열에서 Al > Zn이므로 좌가 정답입니다.","0","0"
"metal_reactivity_110","화학","산화환원","고급","binary_choice","(Zn Al)","","반응성 서열에서 Al > Zn이므로 우가 정답입니다.","0","0"
"metal_reactivity_111","화학","산화환원","고급","binary_choice","(Al Fe)","","반응성 서열에서 Al > Fe이므로 좌가 정답입니다.","0","0"
"metal_reactivity_112","화학","산화환원","고급","binary_choice","(Fe Al)","","반응성 서열에서 Al > Fe이므로 우가 정답입니다.","0","0"
"metal_reactivity_113","화학","산화환원","고급","binary_choice","(Al Ni)","","반응성 서열에서 Al > Ni이므로 좌가 정답입니다.","0","0"
"metal_reactivity_114","화학","산화환원","고급","binary_choice","(Ni Al)","","반응성 서열에서 Al > Ni이므로 우가 정답입니다.","0","0"
"metal_reactivity_115","화학","산화환원","중급","binary_choice","(Al Sn)","","반응성 서열에서 Al > Sn이므로 좌가 정답입니다.","0","0"
"metal_reactivity_116","화학","산화환원","중급","binary_choice","(Sn Al)","","반응성 서열에서 Al > Sn이므로 우가 정답입니다.","0","0"
"metal_reactivity_117","화학","산화환원","중급","binary_choice","(Al Pb)","","반응성 서열에서 Al > Pb이므로 좌가 정답입니다.","0","0"
"metal_reactivity_118","화학","산화환원","중급","binary_choice","(Pb Al)","","반응성 서열에서 Al > Pb이므로 우가 정답입니다.","0","0"
"metal_reactivity_119","화학","산화환원","중급","binary_choice","(Al H)","","반응성 서열에서 Al > H이므로 좌가 정답입니다.","0","0"
"metal_reactivity_120","화학","산화환원","중급","binary_choice","(H Al)","","반응성 서열에서 Al > H이므로 우가 정답입니다.","0","0"
"metal_reactivity_121","화학","산화환원","중급","binary_choice","(Al Cu)","","반응성 서열에서 Al > Cu이므로 좌가 정답입니다.","0","0"
"metal_reactivity_122","화학","산화환원","중급","binary_choice","(Cu Al)","","반응성 서열에서 Al > Cu이므로 우가 정답입니다.","0","0"
"metal_reactivity_123","화학","산화환원","초급","binary_choice","(Al Hg)","","반응성 서열에서 Al > Hg이므로 좌가 정답입니다.","0","0"
"metal_reactivity_124","화학","산화환원","초급","binary_choice","(Hg Al)","","반응성 서열에서 Al > Hg이므로 우가 정답입니다.","0","0"
"metal_reactivity_125","화학","산화환원","초급","binary_choice","(Al Ag)","","반응성 서열에서 Al > Ag이므로 좌가 정답입니다.","0","0"
"metal_reactivity_126","화학","산화환원","초급","binary_choice","(Ag Al)","","반응성 서열에서 Al > Ag이므로 우가 정답입니다.","0","0"
"metal_reactivity_127","화학","산화환원","초급","binary_choice","(Al Pt)","","반응성 서열에서 Al > Pt이므로 좌가 정답입니다.","0","0"
"metal_reactivity_128","화학","산화환원","초급","binary_choice","(Pt Al)","","반응성 서열에서 Al > Pt이므로 우가 정답입니다.","0","0"
"metal_reactivity_129","화학","산화환원","초급","binary_choice","(Al Au)","","반응성 서열에서 Al > Au이므로 좌가 정답입니다.","0","0"
"metal_reactivity_130","화학","산화환원","초급","binary_choice","(Au Al)","","반응성 서열에서 Al > Au이므로 우가 정답입니다.","0","0"
"metal_reactivity_131","화학","산화환원","고급","binary_choice","(Zn Fe)","","반응성 서열에서 Zn > Fe이므로 좌가 정답입니다.","0","0"
"metal_reactivity_132","화학","산화환원","고급","binary_choice","(Fe Zn)","","반응성 서열에서 Zn > Fe이므로 우가 정답입니다.","0","0"
"metal_reactivity_133","화학","산화환원","고급","binary_choice","(Zn Ni)","","반응성 서열에서 Zn > Ni이므로 좌가 정답입니다.","0","0"
"metal_reactivity_134","화학","산화환원","고급","binary_choice","(Ni Zn)","","반응성 서열에서 Zn > Ni이므로 우가 정답입니다.","0","0"
"metal_reactivity_135","화학","산화환원","고급","binary_choice","(Zn Sn)","","반응성 서열에서 Zn > Sn이므로 좌가 정답입니다.","0","0"
"metal_reactivity_136","화학","산화환원","고급","binary_choice","(Sn Zn)","","반응성 서열에서 Zn > Sn이므로 우가 정답입니다.","0","0"
"metal_reactivity_137","화학","산화환원","중급","binary_choice","(Zn Pb)","","반응성 서열에서 Zn > Pb이므로 좌가 정답입니다.","0","0"
"metal_reactivity_138","화학","산화환원","중급","binary_choice","(Pb Zn)","","반응성 서열에서 Zn > Pb이므로 우가 정답입니다.","0","0"
"metal_reactivity_139","화학","산화환원","중급","binary_choice","(Zn H)","","반응성 서열에서 Zn > H이므로 좌가 정답입니다.","0","0"
"metal_reactivity_140","화학","산화환원","중급","binary_choice","(H Zn)","","반응성 서열에서 Zn > H이므로 우가 정답입니다.","0","0"
"metal_reactivity_141","화학","산화환원","중급","binary_choice","(Zn Cu)","","반응성 서열에서 Zn > Cu이므로 좌가 정답입니다.","0","0"
"metal_reactivity_142","화학","산화환원","중급","binary_choice","(Cu Zn)","","반응성 서열에서 Zn > Cu이므로 우가 정답입니다.","0","0"
"metal_reactivity_143","화학","산화환원","중급","binary_choice","(Zn Hg)","","반응성 서열에서 Zn > Hg이므로 좌가 정답입니다.","0","0"
"metal_reactivity_144","화학","산화환원","중급","binary_choice","(Hg Zn)","","반응성 서열에서 Zn > Hg이므로 우가 정답입니다.","0","0"
"metal_reactivity_145","화학","산화환원","초급","binary_choice","(Zn Ag)","","반응성 서열에서 Zn > Ag이므로 좌가 정답입니다.","0","0"
"metal_reactivity_146","화학","산화환원","초급","binary_choice","(Ag Zn)","","반응성 서열에서 Zn > Ag이므로 우가 정답입니다.","0","0"
"metal_reactivity_147","화학","산화환원","초급","binary_choice","(Zn Pt)","","반응성 서열에서 Zn > Pt이므로 좌가 정답입니다.","0","0"
"metal_reactivity_148","화학","산화환원","초급","binary_choice","(Pt Zn)","","반응성 서열에서 Zn > Pt이므로 우가 정답입니다.","0","0"
"metal_reactivity_149","화학","산화환원","초급","binary_choice","(Zn Au)","","반응성 서열에서 Zn > Au이므로 좌가 정답입니다.","0","0"
"metal_reactivity_150","화학","산화환원","초급","binary_choice","(Au Zn)","","반응성 서열에서 Zn > Au이므로 우가 정답입니다.","0","0"
"metal_reactivity_151","화학","산화환원","고급","binary_choice","(Fe Ni)","","반응성 서열에서 Fe > Ni이므로 좌가 정답입니다.","0","0"
"metal_reactivity_152","화학","산화환원","고급","binary_choice","(Ni Fe)","","반응성 서열에서 Fe > Ni이므로 우가 정답입니다.","0","0"
"metal_reactivity_153","화학","산화환원","고급","binary_choice","(Fe Sn)","","반응성 서열에서 Fe > Sn이므로 좌가 정답입니다.","0","0"
"metal_reactivity_154","화학","산화환원","고급","binary_choice","(Sn Fe)","","반응성 서열에서 Fe > Sn이므로 우가 정답입니다.","0","0"
"metal_reactivity_155","화학","산화환원","고급","binary_choice","(Fe Pb)","","반응성 서열에서 Fe > Pb이므로 좌가 정답입니다.","0","0"
"metal_reactivity_156","화학","산화환원","고급","binary_choice","(Pb Fe)","","반응성 서열에서 Fe > Pb이므로 우가 정답입니다.","0","0"
"metal_reactivity_157","화학","산화환원","중급","binary_choice","(Fe H)","","반응성 서열에서 Fe > H이므로 좌가 정답입니다.","0","0"
"metal_reactivity_158","화학","산화환원","중급","binary_choice","(H Fe)","","반응성 서열에서 Fe > H이므로 우가 정답입니다.","0","0"
"metal_reactivity_159","화학","산화환원","중급","binary_choice","(Fe Cu)","","반응성 서열에서 Fe > Cu이므로 좌가 정답입니다.","0","0"
"metal_reactivity_160","화학","산화환원","중급","binary_choice","(Cu Fe)","","반응성 서열에서 Fe > Cu이므로 우가 정답입니다.","0","0"
"metal_reactivity_161","화학","산화환원","중급","binary_choice","(Fe Hg)","","반응성 서열에서 Fe > Hg이므로 좌가 정답입니다.","0","0"
"metal_reactivity_162","화학","산화환원","중급","binary_choice","(Hg Fe)","","반응성 서열에서 Fe > Hg이므로 우가 정답입니다.","0","0"
"metal_reactivity_163","화학","산화환원","중급","binary_choice","(Fe Ag)","","반응성 서열에서 Fe > Ag이므로 좌가 정답입니다.","0","0"
"metal_reactivity_164","화학","산화환원","중급","binary_choice","(Ag Fe)","","반응성 서열에서 Fe > Ag이므로 우가 정답입니다.","0","0"
"metal_reactivity_165","화학","산화환원","초급","binary_choice","(Fe Pt)","","반응성 서열에서 Fe > Pt이므로 좌가 정답입니다.","0","0"
"metal_reactivity_166","화학","산화환원","초급","binary_choice","(Pt Fe)","","반응성 서열에서 Fe > Pt이므로 우가 정답입니다.","0","0"
"metal_reactivity_167","화학","산화환원","초급","binary_choice","(Fe Au)","","반응성 서열에서 Fe > Au이므로 좌가 정답입니다.","0","0"
"metal_reactivity_168","화학","산화환원","초급","binary_choice","(Au Fe)","","반응성 서열에서 Fe > Au이므로 우가 정답입니다.","0","0"
"metal_reactivity_169","화학","산화환원","고급","binary_choice","(Ni Sn)","","반응성 서열에서 Ni > Sn이므로 좌가 정답입니다.","0","0"
"metal_reactivity_170","화학","산화환원","고급","binary_choice","(Sn Ni)","","반응성 서열에서 Ni > Sn이므로 우가 정답입니다.","0","0"
"metal_reactivity_171","화학","산화환원","고급","binary_choice","(Ni Pb)","","반응성 서열에서 Ni > Pb이므로 좌가 정답입니다.","0","0"
"metal_reactivity_172","화학","산화환원","고급","binary_choice","(Pb Ni)","","반응성 서열에서 Ni > Pb이므로 우가 정답입니다.","0","0"
"metal_reactivity_173","화학","산화환원","고급","binary_choice","(Ni H)","","반응성 서열에서 Ni > H이므로 좌가 정답입니다.","0","0"
"metal_reactivity_174","화학","산화환원","고급","binary_choice","(H Ni)","","반응성 서열에서 Ni > H이므로 우가 정답입니다.","0","0"
"metal_reactivity_175","화학","산화환원","중급","binary_choice","(Ni Cu)","","반응성 서열에서 Ni > Cu이므로 좌가 정답입니다.","0","0"
"metal_reactivity_176","화학","산화환원","중급","binary_choice","(Cu Ni)","","반응성 서열에서 Ni > Cu이므로 우가 정답입니다.","0","0"
"metal_reactivity_177","화학","산화환원","중급","binary_choice","(Ni Hg)","","반응성 서열에서 Ni > Hg이므로 좌가 정답입니다.","0","0"
"metal_reactivity_178","화학","산화환원","중급","binary_choice","(Hg Ni)","","반응성 서열에서 Ni > Hg이므로 우가 정답입니다.","0","0"
"metal_reactivity_179","화학","산화환원","중급","binary_choice","(Ni Ag)","","반응성 서열에서 Ni > Ag이므로 좌가 정답입니다.","0","0"
"metal_reactivity_180","화학","산화환원","중급","binary_choice","(Ag Ni)","","반응성 서열에서 Ni > Ag이므로 우가 정답입니다.","0","0"
"metal_reactivity_181","화학","산화환원","중급","binary_choice","(Ni Pt)","","반응성 서열에서 Ni > Pt이므로 좌가 정답입니다.","0","0"
"metal_reactivity_182","화학","산화환원","중급","binary_choice","(Pt Ni)","","반응성 서열에서 Ni > Pt이므로 우가 정답입니다.","0","0"
"metal_reactivity_183","화학","산화환원","초급","binary_choice","(Ni Au)","","반응성 서열에서 Ni > Au이므로 좌가 정답입니다.","0","0"
"metal_reactivity_184","화학","산화환원","초급","binary_choice","(Au Ni)","","반응성 서열에서 Ni > Au이므로 우가 정답입니다.","0","0"
"metal_reactivity_185","화학","산화환원","고급","binary_choice","(Sn Pb)","","반응성 서열에서 Sn > Pb이므로 좌가 정답입니다.","0","0"
"metal_reactivity_186","화학","산화환원","고급","binary_choice","(Pb Sn)","","반응성 서열에서 Sn > Pb이므로 우가 정답입니다.","0","0"
"metal_reactivity_187","화학","산화환원","고급","binary_choice","(Sn H)","","반응성 서열에서 Sn > H이므로 좌가 정답입니다.","0","0"
"metal_reactivity_188","화학","산화환원","고급","binary_choice","(H Sn)","","반응성 서열에서 Sn > H이므로 우가 정답입니다.","0","0"
"metal_reactivity_189","화학","산화환원","고급","binary_choice","(Sn Cu)","","반응성 서열에서 Sn > Cu이므로 좌가 정답입니다.","0","0"
"metal_reactivity_190","화학","산화환원","고급","binary_choice","(Cu Sn)","","반응성 서열에서 Sn > Cu이므로 우가 정답입니다.","0","0"
"metal_reactivity_191","화학","산화환원","중급","binary_choice","(Sn Hg)","","반응성 서열에서 Sn > Hg이므로 좌가 정답입니다.","0","0"
"metal_reactivity_192","화학","산화환원","중급","binary_choice","(Hg Sn)","","반응성 서열에서 Sn > Hg이므로 우가 정답입니다.","0","0"
"metal_reactivity_193","화학","산화환원","중급","binary_choice","(Sn Ag)","","반응성 서열에서 Sn > Ag이므로 좌가 정답입니다.","0","0"
"metal_reactivity_194","화학","산화환원","중급","binary_choice","(Ag Sn)","","반응성 서열에서 Sn > Ag이므로 우가 정답입니다.","0","0"
"metal_reactivity_195","화학","산화환원","중급","binary_choice","(Sn Pt)","","반응성 서열에서 Sn > Pt이므로 좌가 정답입니다.","0","0"
"metal_reactivity_196","화학","산화환원","중급","binary_choice","(Pt Sn)","","반응성 서열에서 Sn > Pt이므로 우가 정답입니다.","0","0"
"metal_reactivity_197","화학","산화환원","중급","binary_choice","(Sn Au)","","반응성 서열에서 Sn > Au이므로 좌가 정답입니다.","0","0"
"metal_reactivity_198","화학","산화환원","중급","binary_choice","(Au Sn)","","반응성 서열에서 Sn > Au이므로 우가 정답입니다.","0","0"
"metal_reactivity_199","화학","산화환원","고급","binary_choice","(Pb H)","","반응성 서열에서 Pb > H이므로 좌가 정답입니다.","0","0"
"metal_reactivity_200","화학","산화환원","고급","binary_choice","(H Pb)","","반응성 서열에서 Pb > H이므로 우가 정답입니다.","0","0"
"metal_reactivity_201","화학","산화환원","고급","binary_choice","(Pb Cu)","","반응성 서열에서 Pb > Cu이므로 좌가 정답입니다.","0","0"
"metal_reactivity_202","화학","산화환원","고급","binary_choice","(Cu Pb)","","반응성 서열에서 Pb > Cu이므로 우가 정답입니다.","0","0"
"metal_reactivity_203","화학","산화환원","고급","binary_choice","(Pb Hg)","","반응성 서열에서 Pb > Hg이므로 좌가 정답입니다.","0","0"
"metal_reactivity_204","화학","산화환원","고급","binary_choice","(Hg Pb)","","반응성 서열에서 Pb > Hg이므로 우가 정답입니다.","0","0"
"metal_reactivity_205","화학","산화환원","중급","binary_choice","(Pb Ag)","","반응성 서열에서 Pb > Ag이므로 좌가 정답입니다.","0","0"
"metal_reactivity_206","화학","산화환원","중급","binary_choice","(Ag Pb)","","반응성 서열에서 Pb > Ag이므로 우가 정답입니다.","0","0"
"metal_reactivity_207","화학","산화환원","중급","binary_choice","(Pb Pt)","","반응성 서열에서 Pb > Pt이므로 좌가 정답입니다.","0","0"
"metal_reactivity_208","화학","산화환원","중급","binary_choice","(Pt Pb)","","반응성 서열에서 Pb > Pt이므로 우가 정답입니다.","0","0"
"metal_reactivity_209","화학","산화환원","중급","binary_choice","(Pb Au)","","반응성 서열에서 Pb > Au이므로 좌가 정답입니다.","0","0"
"metal_reactivity_210","화학","산화환원","중급","binary_choice","(Au Pb)","","반응성 서열에서 Pb > Au이므로 우가 정답입니다.","0","0"
"metal_reactivity_211","화학","산화환원","고급","binary_choice","(H Cu)","","반응성 서열에서 H > Cu이므로 좌가 정답입니다.","0","0"
"metal_reactivity_212","화학","산화환원","고급","binary_choice","(Cu H)","","반응성 서열에서 H > Cu이므로 우가 정답입니다.","0","0"
"metal_reactivity_213","화학","산화환원","고급","binary_choice","(H Hg)","","반응성 서열에서 H > Hg이므로 좌가 정답입니다.","0","0"
"metal_reactivity_214","화학","산화환원","고급","binary_choice","(Hg H)","","반응성 서열에서 H > Hg이므로 우가 정답입니다.","0","0"
"metal_reactivity_215","화학","산화환원","고급","binary_choice","(H Ag)","","반응성 서열에서 H > Ag이므로 좌가 정답입니다.","0","0"
"metal_reactivity_216","화학","산화환원","고급","binary_choice","(Ag H)","","반응성 서열에서 H > Ag이므로 우가 정답입니다.","0","0"
"metal_reactivity_217","화학","산화환원","중급","binary_choice","(H Pt)","","반응성 서열에서 H > Pt이므로 좌가 정답입니다.","0","0"
"metal_reactivity_218","화학","산화환원","중급","binary_choice","(Pt H)","","반응성 서열에서 H > Pt이므로 우가 정답입니다.","0","0"
"metal_reactivity_219","화학","산화환원","중급","binary_choice","(H Au)","","반응성 서열에서 H > Au이므로 좌가 정답입니다.","0","0"
"metal_reactivity_220","화학","산화환원","중급","binary_choice","(Au H)","","반응성 서열에서 H > Au이므로 우가 정답입니다.","0","0"
"metal_reactivity_221","화학","산화환원","고급","binary_choice","(Cu Hg)","","반응성 서열에서 Cu > Hg이므로 좌가 정답입니다.","0","0"
"metal_reactivity_222","화학","산화환원","고급","binary_choice","(Hg Cu)","","반응성 서열에서 Cu > Hg이므로 우가 정답입니다.","0","0"
"metal_reactivity_223","화학","산화환원","고급","binary_choice","(Cu Ag)","","반응성 서열에서 Cu > Ag이므로 좌가 정답입니다.","0","0"
"metal_reactivity_224","화학","산화환원","고급","binary_choice","(Ag Cu)","","반응성 서열에서 Cu > Ag이므로 우가 정답입니다.","0","0"
"metal_reactivity_225","화학","산화환원","고급","binary_choice","(Cu Pt)","","반응성 서열에서 Cu > Pt이므로 좌가 정답입니다.","0","0"
"metal_reactivity_226","화학","산화환원","고급","binary_choice","(Pt Cu)","","반응성 서열에서 Cu > Pt이므로 우가 정답입니다.","0","0"
"metal_reactivity_227","화학","산화환원","중급","binary_choice","(Cu Au)","","반응성 서열에서 Cu > Au이므로 좌가 정답입니다.","0","0"
"metal_reactivity_228","화학","산화환원","중급","binary_choice","(Au Cu)","","반응성 서열에서 Cu > Au이므로 우가 정답입니다.","0","0"
"metal_reactivity_229","화학","산화환원","고급","binary_choice","(Hg Ag)","","반응성 서열에서 Hg > Ag이므로 좌가 정답입니다.","0","0"
"metal_reactivity_230","화학","산화환원","고급","binary_choice","(Ag Hg)","","반응성 서열에서 Hg > Ag이므로 우가 정답입니다.","0","0"
"metal_reactivity_231","화학","산화환원","고급","binary_choice","(Hg Pt)","","반응성 서열에서 Hg > Pt이므로 좌가 정답입니다.","0","0"
"metal_reactivity_232","화학","산화환원","고급","binary_choice","(Pt Hg)","","반응성 서열에서 Hg > Pt이므로 우가 정답입니다.","0","0"
"metal_reactivity_233","화학","산화환원","고급","binary_choice","(Hg Au)","","반응성 서열에서 Hg > Au이므로 좌가 정답입니다.","0","0"
"metal_reactivity_234","화학","산화환원","고급","binary_choice","(Au Hg)","","반응성 서열에서 Hg > Au이므로 우가 정답입니다.","0","0"
"metal_reactivity_235","화학","산화환원","고급","binary_choice","(Ag Pt)","","반응성 서열에서 Ag > Pt이므로 좌가 정답입니다.","0","0"
"metal_reactivity_236","화학","산화환원","고급","binary_choice","(Pt Ag)","","반응성 서열에서 Ag > Pt이므로 우가 정답입니다.","0","0"
"metal_reactivity_237","화학","산화환원","고급","binary_choice","(Ag Au)","","반응성 서열에서 Ag > Au이므로 좌가 정답입니다.","0","0"
"metal_reactivity_238","화학","산화환원","고급","binary_choice","(Au Ag)","","반응성 서열에서 Ag > Au이므로 우가 정답입니다.","0","0"
"metal_reactivity_239","화학","산화환원","고급","binary_choice","(Pt Au)","","반응성 서열에서 Pt > Au이므로 좌가 정답입니다.","0","0"
"metal_reactivity_240","화학","산화환원","고급","binary_choice","(Au Pt)","","반응성 서열에서 Pt > Au이므로 우가 정답입니다.","0","0"
"acid_base_class_001","화학","산염기","초급","binary_choice","HCl 수용액은 산과 염기 중 어느 것인가?","","HCl 수용액은 산입니다.","0","0"
"acid_base_class_002","화학","산염기","초급","binary_choice","HNO₃ 수용액은 산과 염기 중 어느 것인가?","","HNO₃ 수용액은 산입니다.","0","0"
"acid_base_class_003","화학","산염기","초급","binary_choice","H₂SO₄ 수용액은 산과 염기 중 어느 것인가?","","H₂SO₄ 수용액은 산입니다.","0","0"
"acid_base_class_004","화학","산염기","초급","binary_choice","NaOH 수용액은 산과 염기 중 어느 것인가?","","NaOH 수용액은 염기입니다.","0","0"
"acid_base_class_005","화학","산염기","초급","binary_choice","Ca(OH)₂ 수용액은 산과 염기 중 어느 것인가?","","Ca(OH)₂ 수용액은 염기입니다.","0","0"
"acid_base_ion_001","화학","산염기","초급","binary_choice","HCl이 물에 녹았을 때 생성되는 양이온은?","","HCl은 물에서 H⁺를 생성합니다.","0","0"
"acid_base_ion_002","화학","산염기","초급","binary_choice","NaOH가 물에 녹았을 때 생성되는 음이온은?","","NaOH는 물에서 OH⁻를 생성합니다.","0","0"
"acid_base_neutral_001","화학","산염기","중급","multiple_choice","HCl과 NaOH가 완전히 반응할 때 생성되는 물질의 조합은?","","HCl + NaOH → NaCl + H₂O입니다.","0","0"
"acid_base_neutral_002","화학","산염기","중급","multiple_choice","HNO₃와 KOH가 완전히 반응할 때 생성되는 물질의 조합은?","","HNO₃ + KOH → KNO₃ + H₂O입니다.","0","0"
"acid_base_amount_001","화학","산염기","중급","numeric","HCl 1 mol과 완전히 반응하는 NaOH의 몰수는?","","HCl과 NaOH는 1:1로 반응하므로 1 mol입니다.","0","0"
"acid_base_amount_002","화학","산염기","고급","numeric","H₂SO₄ 1 mol과 완전히 반응하는 NaOH의 몰수는?","","H₂SO₄ + 2NaOH → Na₂SO₄ + 2H₂O이므로 2 mol입니다.","0","0"
"acid_base_amount_003","화학","산염기","고급","numeric","Ca(OH)₂ 0.5 mol과 완전히 반응하는 HCl의 몰수는?","","Ca(OH)₂ + 2HCl → CaCl₂ + 2H₂O이므로 1 mol입니다.","0","0"
"acid_base_property_001","화학","산염기","중급","binary_choice","H⁺ 농도가 OH⁻ 농도보다 큰 수용액의 성질은?","","H⁺ 농도가 더 크면 산성입니다.","0","0"
"acid_base_property_002","화학","산염기","중급","binary_choice","OH⁻ 농도가 H⁺ 농도보다 큰 수용액의 성질은?","","OH⁻ 농도가 더 크면 염기성입니다.","0","0"
"acid_base_property_003","화학","산염기","중급","multiple_choice","H⁺ 농도와 OH⁻ 농도가 같은 수용액의 성질은?","","두 농도가 같으면 중성입니다.","0","0"
"acid_base_salt_001","화학","산염기","중급","multiple_choice","다음 중 중성 염 수용액으로 다루는 것은?","","NaCl은 강산과 강염기의 중화로 생성되는 염입니다.","0","0"
"acid_base_salt_002","화학","산염기","중급","multiple_choice","다음 중 염기는?","","KOH 수용액은 염기입니다.","0","0"
"ph_001","화학","산염기","초급","short_answer","25 ℃에서 [H⁺]=1×10⁻³ M인 강산 용액의 pH는?","","pH=-log[H⁺]=3이다.","0","0"
"ph_002","화학","산염기","초급","short_answer","25 ℃에서 pH 5인 용액의 pOH는?","","pH+pOH=14이다.","0","0"
"ph_003","화학","산염기","중급","short_answer","25 ℃에서 [OH⁻]=1×10⁻⁴ M인 강염기 용액의 pH는?","","pOH=4, pH=10이다.","0","0"
"ph_004","화학","산염기","고급","short_answer","25 ℃에서 0.01 M HCl의 pH는? (완전 해리)","","[H⁺]=10⁻² M이다.","0","0"
"reaction_energy_001","화학","화학 반응","초급","multiple_choice","주변으로 열을 방출하는 반응은?","","열을 방출하면 발열 반응이다.","0","0"
"reaction_energy_002","화학","화학 반응","초급","multiple_choice","흡열 반응에서 생성물의 에너지는 반응물보다?","","외부 에너지를 흡수하여 생성물 에너지가 높다.","0","0"
"reaction_energy_003","화학","화학 반응","중급","multiple_choice","ΔH<0인 반응은?","","엔탈피 변화가 음수이면 발열이다.","0","0"
"reaction_energy_004","화학","화학 반응","고급","multiple_choice","결합을 끊는 과정은 일반적으로 에너지를?","","결합을 끊으려면 에너지가 필요하다.","0","0"
"equilibrium_001","화학","화학 반응","초급","multiple_choice","동적 평형에서 정반응과 역반응의 속도는?","","두 반응 속도가 같다.","0","0"
"equilibrium_002","화학","화학 반응","초급","multiple_choice","평형 상태에서 반응이 완전히 멈추는가?","","미시적으로 두 반응이 계속된다.","0","0"
"equilibrium_003","화학","화학 반응","중급","multiple_choice","N₂+3H₂⇌2NH₃ 평형에서 N₂를 추가하면 평형은?","","첨가된 N₂를 소비하는 방향으로 이동한다.","0","0"
"equilibrium_004","화학","화학 반응","고급","multiple_choice","발열 정반응의 평형에서 온도를 높이면 평형은?","","열을 흡수하는 역반응 방향으로 이동한다.","0","0"
"biology-variation-common-feature","생명과학","통합과학2 - 변이와 자연선택에 의한 생물의 진화","초급","multiple_choice","(가)~(다)의 공통적인 특징으로 가장 적절한 것은?","assets/이미지/생명과학/진화/변이-관찰.png","사람, 사랑앵무, 무당벌레 각각에서 같은 종의 개체 사이에 색이나 무늬 차이가 나타납니다.","0","0"
"biology-variation-term","생명과학","통합과학2 - 변이와 자연선택에 의한 생물의 진화","초급","multiple_choice","자료처럼 같은 종의 개체 사이에서 형질이 서로 다르게 나타나는 현상은?","assets/이미지/생명과학/진화/변이-관찰.png","같은 종에 속한 개체 사이에 나타나는 형질의 차이를 변이라고 합니다.","0","0"
"biology-variation-mutation","생명과학","통합과학2 - 변이와 자연선택에 의한 생물의 진화","초급","multiple_choice","새로운 유전자가 만들어지는 원인 (가)는?","assets/이미지/생명과학/진화/변이-원인.png","돌연변이는 유전 물질의 변화로 새로운 유전자가 생기게 할 수 있습니다.","0","0"
"biology-variation-sexual-reproduction","생명과학","통합과학2 - 변이와 자연선택에 의한 생물의 진화","초급","multiple_choice","생식세포의 다양한 조합으로 부모와 다른 형질의 자손이 나타나는 원인 (나)는?","assets/이미지/생명과학/진화/변이-원인.png","유성생식에서는 서로 다른 생식세포가 조합되어 자손의 유전자 조합이 다양해집니다.","0","0"
"biology-peacock-mutation","생명과학","통합과학2 - 변이와 자연선택에 의한 생물의 진화","초급","multiple_choice","푸른색 깃털 공작 무리에서 흰색 깃털 공작이 우연히 태어난 주된 원인은?","assets/이미지/생명과학/진화/돌연변이와-번식.png","기존 무리에 없던 흰색 깃털 형질이 우연히 나타난 사례는 돌연변이로 설명할 수 있습니다.","0","0"
"biology-pigeon-reproduction","생명과학","통합과학2 - 변이와 자연선택에 의한 생물의 진화","초급","multiple_choice","밝은색과 어두운색 깃털 비둘기 사이에서 다양한 얼굴색의 자손이 나타난 까닭은?","assets/이미지/생명과학/진화/돌연변이와-번식.png","유성생식 과정에서 부모의 유전자가 다양하게 조합되어 서로 다른 형질의 자손이 나타납니다.","0","0"
"biology-natural-selection-statements","생명과학","통합과학2 - 변이와 자연선택에 의한 생물의 진화","초급","multiple_choice","자연선택에 관한 설명으로 옳은 것을 모두 고른 것은?","assets/이미지/생명과학/진화/자연선택-문장.png","자연선택은 변이가 있는 집단에서 일어나며, 생존에 유리한 형질을 가진 개체가 더 많은 자손을 남겨 집단이 환경에 적응하게 됩니다.","0","0"
"biology-natural-selection-offspring","생명과학","통합과학2 - 변이와 자연선택에 의한 생물의 진화","초급","multiple_choice","자연선택 과정에서 다음 세대로 더 많이 전달되는 형질은?","assets/이미지/생명과학/진화/자연선택-문장.png","환경에 유리한 형질을 가진 개체가 더 많은 자손을 남기므로 그 형질의 유전자가 다음 세대에 더 많이 전달됩니다.","0","0"
"biology-evolution-order","생명과학","통합과학2 - 변이와 자연선택에 의한 생물의 진화","초급","multiple_choice","자료에서 나타난 진화 과정의 순서로 옳은 것은?","assets/이미지/생명과학/진화/진화-순서.png","개체 사이의 유전적 변이가 먼저 존재하고, 유리한 유전자가 더 많이 전달되면서 집단의 유전적 특성이 달라집니다.","0","0"
"biology-evolution-selection-step","생명과학","통합과학2 - 변이와 자연선택에 의한 생물의 진화","초급","multiple_choice","(나)에서 설명하는 핵심 과정은?","assets/이미지/생명과학/진화/진화-순서.png","환경 적응에 유리한 형질의 유전자가 자손에게 더 많이 전달되는 과정이 자연선택입니다.","0","0"
"fossil-type-coral","지구과학","통합과학2 - 지질 시대의 환경과 생물","초급","multiple_choice","이 화석을 시상 화석과 표준 화석 중에서 구분하세요.","assets/이미지/지구과학/화석/산호-화석.png","산호는 따뜻하고 얕은 바다 환경을 알려 주므로 시상 화석으로 활용합니다.","0","0"
"fossil-type-fern","지구과학","통합과학2 - 지질 시대의 환경과 생물","초급","multiple_choice","이 화석을 시상 화석과 표준 화석 중에서 구분하세요.","assets/이미지/지구과학/화석/고사리-화석.png","고사리는 따뜻하고 습한 육상 환경을 알려 주므로 시상 화석으로 활용합니다.","0","0"
"fossil-type-ammonite","지구과학","통합과학2 - 지질 시대의 환경과 생물","초급","multiple_choice","이 화석을 시상 화석과 표준 화석 중에서 구분하세요.","assets/이미지/지구과학/화석/암모나이트-화석.png","암모나이트는 중생대의 대표적인 표준 화석입니다.","0","0"
"fossil-type-mammoth","지구과학","통합과학2 - 지질 시대의 환경과 생물","초급","multiple_choice","이 화석을 시상 화석과 표준 화석 중에서 구분하세요.","assets/이미지/지구과학/화석/매머드-화석.png","매머드는 신생대, 특히 제4기를 구분하는 데 활용되는 표준 화석입니다.","0","0"
"fossil-type-nummulite","지구과학","통합과학2 - 지질 시대의 환경과 생물","초급","multiple_choice","이 화석을 시상 화석과 표준 화석 중에서 구분하세요.","assets/이미지/지구과학/화석/누물라이트-화석.png","화폐석은 신생대의 대표적인 표준 화석입니다.","0","0"
"fossil-type-dinosaur","지구과학","통합과학2 - 지질 시대의 환경과 생물","초급","multiple_choice","이 화석을 시상 화석과 표준 화석 중에서 구분하세요.","assets/이미지/지구과학/화석/공룡-화석.png","공룡은 중생대를 구분하는 데 활용되는 대표적인 표준 화석입니다.","0","0"
"fossil-type-trilobite","지구과학","통합과학2 - 지질 시대의 환경과 생물","초급","multiple_choice","이 화석을 시상 화석과 표준 화석 중에서 구분하세요.","assets/이미지/지구과학/화석/삼엽충-화석.png","삼엽충은 고생대의 대표적인 표준 화석입니다.","0","0"
"fossil-type-ediacaran","지구과학","통합과학2 - 지질 시대의 환경과 생물","초급","multiple_choice","이 화석을 시상 화석과 표준 화석 중에서 구분하세요.","assets/이미지/지구과학/화석/에디아카라-동물군-화석.png","에디아카라 동물군은 선캄브리아 시대 말기를 구분하는 데 활용되는 표준 화석입니다.","0","0"
"fossil-era-ammonite","지구과학","통합과학2 - 지질 시대의 환경과 생물","초급","multiple_choice","이 표준 화석이 대표하는 지질 시대를 고르세요.","assets/이미지/지구과학/화석/암모나이트-화석.png","암모나이트는 중생대의 대표적인 표준 화석입니다.","0","0"
"fossil-era-mammoth","지구과학","통합과학2 - 지질 시대의 환경과 생물","초급","multiple_choice","이 표준 화석이 대표하는 지질 시대를 고르세요.","assets/이미지/지구과학/화석/매머드-화석.png","매머드는 신생대, 특히 제4기를 구분하는 데 활용되는 표준 화석입니다.","0","0"
"fossil-era-nummulite","지구과학","통합과학2 - 지질 시대의 환경과 생물","초급","multiple_choice","이 표준 화석이 대표하는 지질 시대를 고르세요.","assets/이미지/지구과학/화석/누물라이트-화석.png","화폐석은 신생대의 대표적인 표준 화석입니다.","0","0"
"fossil-era-dinosaur","지구과학","통합과학2 - 지질 시대의 환경과 생물","초급","multiple_choice","이 표준 화석이 대표하는 지질 시대를 고르세요.","assets/이미지/지구과학/화석/공룡-화석.png","공룡은 중생대를 구분하는 데 활용되는 대표적인 표준 화석입니다.","0","0"
"fossil-era-trilobite","지구과학","통합과학2 - 지질 시대의 환경과 생물","초급","multiple_choice","이 표준 화석이 대표하는 지질 시대를 고르세요.","assets/이미지/지구과학/화석/삼엽충-화석.png","삼엽충은 고생대의 대표적인 표준 화석입니다.","0","0"
"fossil-era-ediacaran","지구과학","통합과학2 - 지질 시대의 환경과 생물","초급","multiple_choice","이 표준 화석이 대표하는 지질 시대를 고르세요.","assets/이미지/지구과학/화석/에디아카라-동물군-화석.png","에디아카라 동물군은 선캄브리아 시대 말기를 구분하는 데 활용되는 표준 화석입니다.","0","0"
"geologic-era-keywords-p05-q001-01","지구과학","통합과학2 - 지질 시대의 환경과 생물","초급","binary_choice","지질 시대는 지구시스템에 생물권이 형성된 이후부터 현재까지의 기간이다.","","","0","1"
"geologic-era-keywords-p05-q001-02","지구과학","통합과학2 - 지질 시대의 환경과 생물","초급","binary_choice","지질 시대를 구분하는 주요 기준은 화석의 변화이다.","","","0","1"
"geologic-era-keywords-p05-q001-03","지구과학","통합과학2 - 지질 시대의 환경과 생물","초급","binary_choice","지질 시대의 상대적 길이는 고생대가 신생대보다 길다.","","","0","1"
"geologic-era-keywords-p05-q001-04","지구과학","통합과학2 - 지질 시대의 환경과 생물","초급","binary_choice","선캄브리아시대에 퇴적된 지층에는 당시 환경에 대한 정보가 풍부하게 발견된다.","","","0","1"
"geologic-era-keywords-p05-q001-05","지구과학","통합과학2 - 지질 시대의 환경과 생물","초급","binary_choice","고생대의 대표적인 표준 화석에는 삼엽충과 방추충이 있다.","","","0","1"
"geologic-era-keywords-p05-q001-06","지구과학","통합과학2 - 지질 시대의 환경과 생물","초급","binary_choice","지질 시대 중 가장 온난했던 시대는 중생대이다.","","","0","1"
"geologic-era-keywords-p05-q001-07","지구과학","통합과학2 - 지질 시대의 환경과 생물","초급","binary_choice","판게아가 형성된 시기는 중생대 말기이다.","","","0","1"
"geologic-era-keywords-p05-q001-08","지구과학","통합과학2 - 지질 시대의 환경과 생물","초급","binary_choice","신생대 말기에는 빙하기와 간빙기가 반복되어 나타났다.","","","0","1"
"geologic-era-keywords-p06-q002-01","지구과학","통합과학2 - 지질 시대의 환경과 생물","초급","binary_choice","화석은 지질 시대에 살았던 생물의 유해만 지층에 남아 있는 것을 말한다.","","","0","1"
"geologic-era-keywords-p06-q002-02","지구과학","통합과학2 - 지질 시대의 환경과 생물","초급","binary_choice","발자국 등의 생물의 흔적도 화석에 해당한다.","","","0","1"
"geologic-era-keywords-p06-q002-03","지구과학","통합과학2 - 지질 시대의 환경과 생물","초급","binary_choice","생물의 사체가 땅에 빨리 매몰된 후 화석화 작용을 받으면 화석으로 보존되기 쉽다.","","","0","1"
"geologic-era-keywords-p06-q002-04","지구과학","통합과학2 - 지질 시대의 환경과 생물","초급","binary_choice","화석이 형성된 후 지각 변동이 활발할수록 화석으로 보존되기 쉽다.","","","0","1"
"geologic-era-keywords-p06-q002-05","지구과학","통합과학2 - 지질 시대의 환경과 생물","초급","binary_choice","화석은 지층이 퇴적될 당시의 환경이나 지층의 생성 시대를 알려준다.","","","0","1"
"geologic-era-keywords-p06-q002-06","지구과학","통합과학2 - 지질 시대의 환경과 생물","초급","binary_choice","표준 화석에는 삼엽충과 암모나이트 등이 있다.","","","0","1"
"geologic-era-keywords-p06-q002-07","지구과학","통합과학2 - 지질 시대의 환경과 생물","초급","binary_choice","시상 화석을 주요 기준으로 지질 시대를 구분한다.","","","0","1"
"geologic-era-keywords-p06-q002-08","지구과학","통합과학2 - 지질 시대의 환경과 생물","초급","binary_choice","화석은 유용한 지하자원을 탐사하는 데 이용되기도 한다.","","","0","1"
"geologic-era-keywords-p06-q003-01","지구과학","통합과학2 - 지질 시대의 환경과 생물","초급","binary_choice","지질 시대를 구분하는 표준 화석은 생존 기간이 짧고 지리적으로 넓게 분포한 생물의 화석일수록 유용하다.","","","0","1"
"geologic-era-keywords-p06-q003-02","지구과학","통합과학2 - 지질 시대의 환경과 생물","초급","binary_choice","생존 기간이 길고 특정한 환경에만 분포한 생물의 화석은 표준 화석으로 특히 유용하다.","","","0","1"
"geologic-era-keywords-p06-q003-03","지구과학","통합과학2 - 지질 시대의 환경과 생물","초급","binary_choice","시상 화석은 생존 기간이 길고 특정한 환경에 분포한 생물의 화석일수록 유용하다.","","","0","1"
"geologic-era-keywords-p06-q004-01","지구과학","통합과학2 - 지질 시대의 환경과 생물","초급","binary_choice","산호 화석이 발견되는 지층은 육지 환경에서 퇴적되었다고 판단할 수 있다.","","","0","1"
"geologic-era-keywords-p06-q004-02","지구과학","통합과학2 - 지질 시대의 환경과 생물","초급","binary_choice","고사리 화석이 생성될 당시에는 따뜻하고 습한 육지 환경이었을 것으로 추정할 수 있다.","","","0","1"
"geologic-era-keywords-p06-q004-03","지구과학","통합과학2 - 지질 시대의 환경과 생물","초급","binary_choice","산호와 고사리 화석은 모두 지층이 생성될 당시의 환경을 추정하는 데 이용할 수 있다.","","","0","1"
"geologic-era-keywords-p06-q005-01","지구과학","통합과학2 - 지질 시대의 환경과 생물","초급","binary_choice","암모나이트 화석이 발견된 지층은 중생대에 생성된 지층으로 판단할 수 있다.","","","0","1"
"geologic-era-keywords-p06-q005-02","지구과학","통합과학2 - 지질 시대의 환경과 생물","초급","binary_choice","산호 화석이 발견되는 석회암층은 따뜻하고 수심이 얕은 바다에서 형성되었을 수 있다.","","","0","1"
"geologic-era-keywords-p06-q006-01","지구과학","통합과학2 - 지질 시대의 환경과 생물","초급","binary_choice","지질 시대를 구분하는 기준으로 가장 적절한 것은 생물계의 급격한 변화이다.","","","0","1"
"geologic-era-keywords-p07-q007-01","지구과학","통합과학2 - 지질 시대의 환경과 생물","초급","binary_choice","화석의 종류가 급격히 바뀌는 지층 경계는 지질 시대의 경계를 정하는 데 이용할 수 있다.","","","0","1"
"geologic-era-keywords-p07-q007-02","지구과학","통합과학2 - 지질 시대의 환경과 생물","초급","binary_choice","지층에서 같은 화석이 계속 산출되는 구간의 한가운데를 반드시 지질 시대의 경계로 정한다.","","","0","1"
"geologic-era-keywords-p07-q008-01","지구과학","통합과학2 - 지질 시대의 환경과 생물","초급","binary_choice","지질 시대를 구분하는 주요 기준은 화석의 변화이다.","","","0","1"
"geologic-era-keywords-p07-q008-02","지구과학","통합과학2 - 지질 시대의 환경과 생물","초급","binary_choice","지질 시대는 최초의 생명체가 탄생한 이후부터 현재까지의 기간이다.","","","0","1"
"geologic-era-keywords-p07-q008-03","지구과학","통합과학2 - 지질 시대의 환경과 생물","초급","binary_choice","전체 지질 시대 중 가장 짧은 기간을 차지하는 것은 선캄브리아시대이다.","","","0","1"
"geologic-era-keywords-p07-q009-01","지구과학","통합과학2 - 지질 시대의 환경과 생물","초급","binary_choice","선캄브리아시대는 지질 시대 구분 기준이 되는 화석과 지층에 대한 정보가 불확실하거나 부족하여 지질 시대의 대부분을 차지한다.","","","0","1"
"geologic-era-keywords-p07-q010-01","지구과학","통합과학2 - 지질 시대의 환경과 생물","초급","binary_choice","선캄브리아시대는 고생대보다 먼저이다.","","","0","1"
"geologic-era-keywords-p07-q010-02","지구과학","통합과학2 - 지질 시대의 환경과 생물","초급","binary_choice","고생대에는 양서류와 양치식물이 번성하였다.","","","0","1"
"geologic-era-keywords-p07-q010-03","지구과학","통합과학2 - 지질 시대의 환경과 생물","초급","binary_choice","최초의 육상 생물은 고생대에 출현하였다.","","","0","1"
"geologic-era-keywords-p07-q010-04","지구과학","통합과학2 - 지질 시대의 환경과 생물","초급","binary_choice","최초의 생명체가 탄생한 시대는 신생대이다.","","","0","1"
"geologic-era-keywords-p07-q010-05","지구과학","통합과학2 - 지질 시대의 환경과 생물","초급","binary_choice","지질 시대 중 가장 온난했던 시대는 신생대이다.","","","0","1"
"geologic-era-keywords-p07-q011-01","지구과학","통합과학2 - 지질 시대의 환경과 생물","초급","binary_choice","에디아카라 동물군은 선캄브리아시대 말기에 출현하였다.","","","0","1"
"geologic-era-keywords-p07-q011-02","지구과학","통합과학2 - 지질 시대의 환경과 생물","초급","binary_choice","삼엽충은 고생대의 대표적인 표준 화석이다.","","","0","1"
"geologic-era-keywords-p07-q011-03","지구과학","통합과학2 - 지질 시대의 환경과 생물","초급","binary_choice","암모나이트는 중생대의 대표적인 표준 화석이다.","","","0","1"
"geologic-era-keywords-p07-q011-04","지구과학","통합과학2 - 지질 시대의 환경과 생물","초급","binary_choice","공룡은 중생대에 번성하였다.","","","0","1"
"geologic-era-keywords-p07-q011-05","지구과학","통합과학2 - 지질 시대의 환경과 생물","초급","binary_choice","매머드는 신생대에 번성하였다.","","","0","1"
"geologic-era-keywords-p07-q011-06","지구과학","통합과학2 - 지질 시대의 환경과 생물","초급","binary_choice","화폐석은 신생대의 대표적인 표준 화석이다.","","","0","1"
"geologic-era-keywords-p07-q012-01","지구과학","통합과학2 - 지질 시대의 환경과 생물","초급","binary_choice","지질 시대 동안 번성한 육상 식물은 양치식물 → 겉씨식물 → 속씨식물 순으로 변화하였다.","","","0","1"
"geologic-era-keywords-p07-q012-02","지구과학","통합과학2 - 지질 시대의 환경과 생물","초급","binary_choice","겉씨식물은 양치식물보다 먼저 번성하였다.","","","0","1"
"geologic-era-keywords-p07-q012-03","지구과학","통합과학2 - 지질 시대의 환경과 생물","초급","binary_choice","속씨식물은 겉씨식물보다 나중에 번성하였다.","","","0","1"
"geologic-era-keywords-p08-q013-01","지구과학","통합과학2 - 지질 시대의 환경과 생물","초급","binary_choice","선캄브리아시대 → 고생대 → 중생대 → 신생대 순으로 지질 시대가 이어진다.","","","0","1"
"geologic-era-keywords-p08-q013-02","지구과학","통합과학2 - 지질 시대의 환경과 생물","초급","binary_choice","공룡이 번성한 중생대는 삼엽충이 번성한 고생대보다 뒤의 시대이다.","","","0","1"
"geologic-era-keywords-p08-q013-03","지구과학","통합과학2 - 지질 시대의 환경과 생물","초급","binary_choice","매머드가 번성한 신생대는 공룡이 번성한 중생대보다 앞의 시대이다.","","","0","1"
"geologic-era-keywords-p08-q014-01","지구과학","통합과학2 - 지질 시대의 환경과 생물","초급","binary_choice","선캄브리아시대에는 최초의 다세포생물이 출현하였다.","","","0","1"
"geologic-era-keywords-p08-q014-02","지구과학","통합과학2 - 지질 시대의 환경과 생물","초급","binary_choice","선캄브리아시대에는 남세균이 출현하여 대기 중 산소 농도가 증가하였다.","","","0","1"
"geologic-era-keywords-p08-q014-03","지구과학","통합과학2 - 지질 시대의 환경과 생물","초급","binary_choice","선캄브리아시대에는 다양한 종류의 양치식물이 번성하였다.","","","0","1"
"geologic-era-keywords-p08-q014-04","지구과학","통합과학2 - 지질 시대의 환경과 생물","초급","binary_choice","선캄브리아시대에는 매우 한랭한 기후가 처음부터 끝까지 지속되었을 것으로 추정된다.","","","0","1"
"geologic-era-keywords-p08-q015-01","지구과학","통합과학2 - 지질 시대의 환경과 생물","초급","binary_choice","신생대에는 참나무와 단풍나무 같은 속씨식물이 번성하여 숲과 넓은 초원을 형성하였다.","","","0","1"
"geologic-era-keywords-p08-q015-02","지구과학","통합과학2 - 지질 시대의 환경과 생물","초급","binary_choice","중생대에는 대서양과 인도양이 형성되었고 파충류가 번성하였다.","","","0","1"
"geologic-era-keywords-p08-q015-03","지구과학","통합과학2 - 지질 시대의 환경과 생물","초급","binary_choice","고생대에는 다양한 해양 생물의 종과 수가 급격히 증가하기 시작했고 육상으로 생물권 영역이 확장되었다.","","","0","1"
"geologic-era-keywords-p08-q016-01","지구과학","통합과학2 - 지질 시대의 환경과 생물","초급","binary_choice","지질 시대 동안 지구 환경은 큰 변화가 없었다.","","","0","1"
"geologic-era-keywords-p08-q016-02","지구과학","통합과학2 - 지질 시대의 환경과 생물","초급","binary_choice","선캄브리아시대에는 생물이 주로 바다에서 생활하였다.","","","0","1"
"geologic-era-keywords-p08-q016-03","지구과학","통합과학2 - 지질 시대의 환경과 생물","초급","binary_choice","오존층이 형성된 시대는 중생대이다.","","","0","1"
"geologic-era-keywords-p08-q016-04","지구과학","통합과학2 - 지질 시대의 환경과 생물","초급","binary_choice","판게아가 형성되면서 생물종의 수가 크게 증가하였다.","","","0","1"
"geologic-era-keywords-p08-q016-05","지구과학","통합과학2 - 지질 시대의 환경과 생물","초급","binary_choice","지질 시대 동안 생물다양성은 거의 일정하게 유지되었다.","","","0","1"
"geologic-era-keywords-p08-q017-01","지구과학","통합과학2 - 지질 시대의 환경과 생물","초급","binary_choice","최초의 광합성 생물은 육상에서 출현하였다.","","","0","1"
"geologic-era-keywords-p08-q017-02","지구과학","통합과학2 - 지질 시대의 환경과 생물","초급","binary_choice","빙하기와 간빙기가 반복된 신생대 말기에 인류가 출현하였다.","","","0","1"
"geologic-era-keywords-p08-q017-03","지구과학","통합과학2 - 지질 시대의 환경과 생물","초급","binary_choice","판게아가 분리된 중생대에는 생물 서식지의 다양성이 급격히 축소되었다.","","","0","1"
"geologic-era-keywords-p08-q018-01","지구과학","통합과학2 - 지질 시대의 환경과 생물","초급","binary_choice","최초의 육상 생물은 고생대에 출현하였다.","","","0","1"
"geologic-era-keywords-p08-q018-02","지구과학","통합과학2 - 지질 시대의 환경과 생물","초급","binary_choice","고생대와 중생대의 경계에는 가장 큰 규모의 대멸종이 있었다.","","","0","1"
"geologic-era-keywords-p08-q018-03","지구과학","통합과학2 - 지질 시대의 환경과 생물","초급","binary_choice","화폐석이 번성한 지질 시대는 신생대이다.","","","0","1"
"geologic-era-keywords-p09-q019-01","지구과학","통합과학2 - 지질 시대의 환경과 생물","초급","binary_choice","약 5.39억 년 전부터 약 2.52억 년 전까지는 고생대이다.","","","0","1"
"geologic-era-keywords-p09-q019-02","지구과학","통합과학2 - 지질 시대의 환경과 생물","초급","binary_choice","중생대에는 암모나이트가 번성하였다.","","","0","1"
"geologic-era-keywords-p09-q019-03","지구과학","통합과학2 - 지질 시대의 환경과 생물","초급","binary_choice","신생대에는 생물다양성이 대체로 증가하였다.","","","0","1"
"geologic-era-keywords-p09-q019-04","지구과학","통합과학2 - 지질 시대의 환경과 생물","초급","binary_choice","고생대, 중생대, 신생대의 말기에는 모두 빙하기가 나타났다.","","","0","1"
"geologic-era-keywords-p09-q020-01","지구과학","통합과학2 - 지질 시대의 환경과 생물","초급","binary_choice","지질 시대의 순서는 선캄브리아시대 → 고생대 → 중생대 → 신생대이다.","","","0","1"
"geologic-era-keywords-p09-q020-02","지구과학","통합과학2 - 지질 시대의 환경과 생물","초급","binary_choice","조류가 처음 출현한 지질 시대는 중생대이다.","","","0","1"
"geologic-era-keywords-p09-q020-03","지구과학","통합과학2 - 지질 시대의 환경과 생물","초급","binary_choice","판게아가 분리되기 시작한 지질 시대는 신생대이다.","","","0","1"
"geologic-era-keywords-p09-q021-01","지구과학","통합과학2 - 지질 시대의 환경과 생물","초급","binary_choice","약 2억 6천만 년 전은 선캄브리아시대 말기에 해당한다.","","","0","1"
"geologic-era-keywords-p09-q021-02","지구과학","통합과학2 - 지질 시대의 환경과 생물","초급","binary_choice","고생대 말에는 해양 생물의 대규모 멸종이 나타났다.","","","0","1"
"geologic-era-keywords-p09-q021-03","지구과학","통합과학2 - 지질 시대의 환경과 생물","초급","binary_choice","고생대 말 이후부터 포유류가 지구 생태계의 주된 생물로 번성하였다.","","","0","1"
"geologic-era-keywords-p09-q022-01","지구과학","통합과학2 - 지질 시대의 환경과 생물","초급","binary_choice","산호 화석이 발견되는 지층은 따뜻하고 수심이 얕은 바다에서 퇴적되었을 가능성이 높다.","","","0","1"
"geologic-era-keywords-p09-q022-02","지구과학","통합과학2 - 지질 시대의 환경과 생물","초급","binary_choice","고사리 화석이 발견된 지층이 쌓일 당시에는 한랭한 기후가 지속되었다고 판단할 수 있다.","","","0","1"
"geologic-era-keywords-p09-q022-03","지구과학","통합과학2 - 지질 시대의 환경과 생물","초급","binary_choice","바다에서 퇴적된 지층 위에 육지 환경의 지층이 연속적으로 놓여 있다면 그 사이에 지역이 융기한 과정이 있었을 수 있다.","","","0","1"
"geologic-era-keywords-p09-q023-01","지구과학","통합과학2 - 지질 시대의 환경과 생물","초급","binary_choice","육상 생물이 출현한 지질 시대는 고생대이다.","","","0","1"
"geologic-era-keywords-p09-q023-02","지구과학","통합과학2 - 지질 시대의 환경과 생물","초급","binary_choice","광합성 생물의 출현으로 산소 농도가 증가하고 오존층이 형성되어 유해한 자외선이 차단되면서 육상 생물이 출현할 수 있었다.","","","0","1"
"geologic-era-keywords-p09-q024-01","지구과학","통합과학2 - 지질 시대의 환경과 생물","초급","binary_choice","지질 시대 동안 대기 중 질소는 산소보다 높은 농도를 유지하였다.","","","0","1"
"geologic-era-keywords-p09-q024-02","지구과학","통합과학2 - 지질 시대의 환경과 생물","초급","binary_choice","대기 중 산소 농도가 증가한 주요 원인은 광합성이다.","","","0","1"
"geologic-era-keywords-p09-q024-03","지구과학","통합과학2 - 지질 시대의 환경과 생물","초급","binary_choice","최초의 생명체는 대기 중 산소가 충분히 축적된 이후에 탄생하였다.","","","0","1"
"geologic-era-keywords-p10-q025-01","지구과학","통합과학2 - 지질 시대의 환경과 생물","초급","binary_choice","겉씨식물이 크게 번성한 지질 시대는 중생대이다.","","","0","1"
"geologic-era-keywords-p10-q025-02","지구과학","통합과학2 - 지질 시대의 환경과 생물","초급","binary_choice","화폐석이 산출되는 지층은 신생대에 퇴적된 지층으로 판단할 수 있다.","","","0","1"
"geologic-era-keywords-p10-q025-03","지구과학","통합과학2 - 지질 시대의 환경과 생물","초급","binary_choice","공룡 발자국 화석이 남은 지층은 육지 환경에서 형성되었을 수 있다.","","","0","1"
"geologic-era-keywords-p10-q025-04","지구과학","통합과학2 - 지질 시대의 환경과 생물","초급","binary_choice","삼엽충 화석이 산출되는 지층은 고생대 지층으로 판단할 수 있다.","","","0","1"
"geologic-era-keywords-p10-q025-05","지구과학","통합과학2 - 지질 시대의 환경과 생물","초급","binary_choice","고생대에는 오존층이 형성되어 육상 생물이 출현할 수 있는 환경이 마련되었다.","","","0","1"
"geologic-era-keywords-p10-q025-06","지구과학","통합과학2 - 지질 시대의 환경과 생물","초급","binary_choice","신생대 말기에는 빙하기가 나타났다.","","","0","1"
"geologic-era-keywords-p10-q026-01","지구과학","통합과학2 - 지질 시대의 환경과 생물","초급","binary_choice","대형 잠자리와 같은 거대 곤충이 출현한 지질 시대는 고생대이다.","","","0","1"
"geologic-era-keywords-p10-q026-02","지구과학","통합과학2 - 지질 시대의 환경과 생물","초급","binary_choice","약 3억 년 전에 퇴적된 지층은 고생대 지층이다.","","","0","1"
"geologic-era-keywords-p10-q026-03","지구과학","통합과학2 - 지질 시대의 환경과 생물","초급","binary_choice","약 2억 년 전에 퇴적된 지층은 중생대 지층이다.","","","0","1"
"geologic-era-keywords-p10-q026-04","지구과학","통합과학2 - 지질 시대의 환경과 생물","초급","binary_choice","약 2억 년 전에는 판게아가 분리되기 시작한 중생대에 해당한다.","","","0","1"
"geologic-era-keywords-p10-q027-01","지구과학","통합과학2 - 지질 시대의 환경과 생물","초급","binary_choice","판게아가 분리되기 시작한 중생대의 지층에서는 암모나이트 화석이 발견될 수 있다.","","","0","1"
"geologic-era-keywords-p10-q027-02","지구과학","통합과학2 - 지질 시대의 환경과 생물","초급","binary_choice","속씨식물이 번성하고 히말라야산맥이 형성된 시대는 고생대이다.","","","0","1"
"geologic-era-keywords-p10-q027-03","지구과학","통합과학2 - 지질 시대의 환경과 생물","초급","binary_choice","육상 식물이 출현한 고생대에는 빙하기가 전혀 나타나지 않았다.","","","0","1"
"geologic-era-keywords-p10-q027-04","지구과학","통합과학2 - 지질 시대의 환경과 생물","초급","binary_choice","히말라야산맥은 신생대에 형성되었다.","","","0","1"
"geologic-era-keywords-p10-q028-01","지구과학","통합과학2 - 지질 시대의 환경과 생물","초급","binary_choice","기권에 산소가 본격적으로 축적되기 시작한 것은 최초의 생물이 출현하기 전이다.","","","0","1"
"geologic-era-keywords-p10-q028-02","지구과학","통합과학2 - 지질 시대의 환경과 생물","초급","binary_choice","판게아가 형성된 시기는 최초의 생물이 출현한 뒤이면서 공룡이 멸종하기 전이다.","","","0","1"
"geologic-era-keywords-p10-q028-03","지구과학","통합과학2 - 지질 시대의 환경과 생물","초급","binary_choice","원시 지구 형성부터 최초의 생물 출현까지의 기간은 최초 생물 출현부터 공룡 멸종까지의 기간보다 길다.","","","0","1"
"geologic-era-keywords-p11-q029-01","지구과학","통합과학2 - 지질 시대의 환경과 생물","초급","binary_choice","대멸종은 일정한 주기로 일어나지 않는다.","","","0","1"
"geologic-era-keywords-p11-q029-02","지구과학","통합과학2 - 지질 시대의 환경과 생물","초급","binary_choice","지질 시대 동안 대규모 멸종은 네 차례 일어났다.","","","0","1"
"geologic-era-keywords-p11-q029-03","지구과학","통합과학2 - 지질 시대의 환경과 생물","초급","binary_choice","가장 큰 규모의 멸종은 선캄브리아시대에 일어났다.","","","0","1"
"geologic-era-keywords-p11-q029-04","지구과학","통합과학2 - 지질 시대의 환경과 생물","초급","binary_choice","당시 가장 번성했던 생물은 대멸종의 영향을 거의 받지 않았다.","","","0","1"
"geologic-era-keywords-p11-q029-05","지구과학","통합과학2 - 지질 시대의 환경과 생물","초급","binary_choice","지질 시대 동안 대멸종이 반복되었기 때문에 생물다양성은 현재까지 계속 감소하기만 하였다.","","","0","1"
"geologic-era-keywords-p11-q030-01","지구과학","통합과학2 - 지질 시대의 환경과 생물","초급","binary_choice","대멸종은 기후 변화, 화산 폭발, 소행성 충돌, 수륙 분포 변화 중 한 가지 원인으로만 발생한다.","","","0","1"
"geologic-era-keywords-p11-q030-02","지구과학","통합과학2 - 지질 시대의 환경과 생물","초급","binary_choice","대규모 화산 폭발과 소행성 충돌은 급격한 기후 변화를 일으켜 대멸종으로 이어질 수 있다.","","","0","1"
"geologic-era-keywords-p11-q030-03","지구과학","통합과학2 - 지질 시대의 환경과 생물","초급","binary_choice","수륙 분포 변화는 중생대 말 대멸종을 설명하는 가장 유력한 단일 가설이다.","","","0","1"
"geologic-era-keywords-p11-q031-01","지구과학","통합과학2 - 지질 시대의 환경과 생물","초급","binary_choice","판게아가 형성된 뒤에는 대륙이 다시 분리되기 시작하였다.","","","0","1"
"geologic-era-keywords-p11-q031-02","지구과학","통합과학2 - 지질 시대의 환경과 생물","초급","binary_choice","최대 규모의 대멸종은 판게아가 형성된 고생대 말에 일어났다.","","","0","1"
"geologic-era-keywords-p11-q032-01","지구과학","통합과학2 - 지질 시대의 환경과 생물","초급","binary_choice","대멸종 이후 급격한 환경 변화에 적응해 살아남은 생물이 다양한 종으로 진화하면서 생물다양성이 다시 증가할 수 있다.","","","0","1"
"geologic-era-keywords-p11-q033-01","지구과학","통합과학2 - 지질 시대의 환경과 생물","초급","binary_choice","생물들 간의 과도한 생존 경쟁은 이 단원에서 제시한 대멸종의 주요 원인 가설에 해당한다.","","","0","1"
"geologic-era-keywords-p11-q033-02","지구과학","통합과학2 - 지질 시대의 환경과 생물","초급","binary_choice","빙하기와 같은 급격한 기후 변화는 대멸종 원인 가설의 하나이다.","","","0","1"
"geologic-era-keywords-p11-q033-03","지구과학","통합과학2 - 지질 시대의 환경과 생물","초급","binary_choice","화산 분출과 같은 대규모 지각 변동은 대멸종 원인 가설의 하나이다.","","","0","1"
"geologic-era-keywords-p11-q033-04","지구과학","통합과학2 - 지질 시대의 환경과 생물","초급","binary_choice","지구의 수륙 분포와 해수면 변화는 대멸종 원인 가설의 하나이다.","","","0","1"
"geologic-era-keywords-p11-q033-05","지구과학","통합과학2 - 지질 시대의 환경과 생물","초급","binary_choice","소행성 충돌과 같은 지구의 외적 영향은 대멸종 원인 가설의 하나이다.","","","0","1"
"geologic-era-keywords-p11-q034-01","지구과학","통합과학2 - 지질 시대의 환경과 생물","초급","binary_choice","공룡 화석은 중생대에 형성된 지층에서 발견될 수 있다.","","","0","1"
"geologic-era-keywords-p11-q034-02","지구과학","통합과학2 - 지질 시대의 환경과 생물","초급","binary_choice","중생대 말의 대멸종 때 공룡과 암모나이트가 멸종하였다.","","","0","1"
"geologic-era-keywords-p11-q034-03","지구과학","통합과학2 - 지질 시대의 환경과 생물","초급","binary_choice","신생대 말에는 빙하기와 간빙기가 여러 차례 반복되었다.","","","0","1"
"geologic-era-keywords-p11-q034-04","지구과학","통합과학2 - 지질 시대의 환경과 생물","초급","binary_choice","고생대 말과 중생대 말에는 모두 대규모 멸종이 일어났다.","","","0","1"
"geologic-era-keywords-p11-q034-05","지구과학","통합과학2 - 지질 시대의 환경과 생물","초급","binary_choice","생물다양성은 대멸종 직후에도 아무 변화 없이 일정하게 유지된다.","","","0","1"
"geologic-era-keywords-p11-q035-01","지구과학","통합과학2 - 지질 시대의 환경과 생물","초급","binary_choice","신생대 동안 지구의 평균 기온은 대체로 상승하였다.","","","0","1"
"geologic-era-keywords-p11-q035-02","지구과학","통합과학2 - 지질 시대의 환경과 생물","초급","binary_choice","해양 생물 과의 수는 지질 시대의 초기보다 말기에 더 많았다.","","","0","1"
